Workbook

Sheet 민평표
O3: Web : | P3: www.kidb.com
O4: Date: | P4: =TODAY() -> 43706
A5: 전일민평(국고/통안/예보/국주/지역채)
B6: 종목명 | C6: 만기일 | D6: 요일 | E6: 민평 | F6: 전일비 | G6: 상장액(백만) | H6: spread | K6: 종목명 | L6: 만기일 | M6: 요일 | N6: 민평 | O6: 전일비 | P6: 이자 | Q6: 쿠폰 | R6: 상장액(백만) | S6: spread
A7: 3년 | B7: 국고19-3(01625-2206) | C7: ='1'!D2 -> 44722 | D7: ='1'!E2 -> 금 | E7: ='1'!S2 -> 1.175 | F7: ='1'!S2-'1(t-1)'!S2 -> -0.002 | G7: ='1'!H2 -> 7990000 | J7: 통 안 채 | K7: ='1'!A63 -> 통안01180-2108-02 | L7: ='1'!D63 -> 44410 | M7: ='1'!E63 -> 월 | N7: ='1'!S63 -> 1.2 | O7: =N7-'1(t-1)'!S63 -> 0.013 | P7: =IF('1'!I63="이표고정","이표","할인") -> 이표 | Q7: ='1'!K63 -> 1.18 | R7: ='1'!H63 -> 5500000
B8: 국고18-9(02000-2112) | C8: ='1'!D3 -> 44540 | D8: ='1'!E3 -> 금 | E8: ='1'!S3 -> 1.201 | F8: ='1'!S3-'1(t-1)'!S3 -> -0.004 | G8: ='1'!H3 -> 9943000 | K8: ='1'!A64 -> 통안01585-2106-02 | L8: ='1'!D64 -> 44349 | M8: ='1'!E64 -> 수 | N8: ='1'!S64 -> 1.217 | O8: =N8-'1(t-1)'!S64 -> 0.009 | P8: =IF('1'!I64="이표고정","이표","할인") -> 이표 | Q8: ='1'!K64 -> 1.585 | R8: ='1'!H64 -> 11700000
B9: 국고18-3(02250-2106) | C9: ='1'!D4 -> 44357 | D9: ='1'!E4 -> 목 | E9: ='1'!S4 -> 1.2 | F9: ='1'!S4-'1(t-1)'!S4 -> -0.004 | G9: ='1'!H4 -> 9469000 | H9: 3년 -2년 | K9: ='1'!A65 -> 통안01740-2104-02 | L9: ='1'!D65 -> 44288 | M9: ='1'!E65 -> 금 | N9: ='1'!S65 -> 1.216 | O9: =N9-'1(t-1)'!S65 -> 0.006 | P9: =IF('1'!I65="이표고정","이표","할인") -> 이표 | Q9: ='1'!K65 -> 1.74 | R9: ='1'!H65 -> 13600000 | S9: 2년-1년
B10: 국고17-6(01750-2012) | C10: ='1'!D5 -> 44175 | D10: ='1'!E5 -> 목 | E10: ='1'!S5 -> 1.156 | F10: ='1'!S5-'1(t-1)'!S5 -> 0.005 | G10: ='1'!H5 -> 10595000 | H10: =E7-N7 -> -0.025 | K10: ='1'!A66 -> 통안01810-2102-02 | L10: ='1'!D66 -> 44229 | M10: ='1'!E66 -> 화 | N10: ='1'!S66 -> 1.19 | O10: =N10-'1(t-1)'!S66 -> 0.005 | P10: =IF('1'!I66="이표고정","이표","할인") -> 이표 | Q10: ='1'!K66 -> 1.81 | R10: ='1'!H66 -> 12950000 | S10: =N7-N13 -> 0.031
B11: 국고17-2(01750-2006) | C11: ='1'!D6 -> 43992 | D11: ='1'!E6 -> 수 | E11: ='1'!S6 -> 1.135 | F11: ='1'!S6-'1(t-1)'!S6 -> 0.01 | G11: ='1'!H6 -> 7539000 | K11: ='1'!A67 -> 통안01930-2012-02 | L11: ='1'!D67 -> 44167 | M11: ='1'!E67 -> 수 | N11: ='1'!S67 -> 1.176 | O11: =N11-'1(t-1)'!S67 -> 0.004 | P11: =IF('1'!I67="이표고정","이표","할인") -> 이표 | Q11: ='1'!K67 -> 1.93 | R11: ='1'!H67 -> 10900000
B12: 국고16-7(01250-1912) | C12: ='1'!D7 -> 43809 | D12: ='1'!E7 -> 화 | E12: ='1'!S7 -> 1.198 | F12: ='1'!S7-'1(t-1)'!S7 -> -0.008 | G12: ='1'!H7 -> 6599000 | K12: ='1'!A68 -> 통안02050-2010-02 | L12: ='1'!D68 -> 44109 | M12: ='1'!E68 -> 월 | N12: ='1'!S68 -> 1.17 | O12: =N12-'1(t-1)'!S68 -> 0.01 | P12: =IF('1'!I68="이표고정","이표","할인") -> 이표 | Q12: ='1'!K68 -> 2.05 | R12: ='1'!H68 -> 11320000 | S12: 2년-1.5년
A13: 5년 | B13: 국고19-5(01375-2409) | C13: ='1'!D9 -> 45545 | D13: ='1'!E9 -> 화 | E13: ='1'!S9 -> 1.191 | F13: ='1'!S9-'1(t-1)'!S9 -> 0 | G13: ='1'!H9 -> 1234000 | K13: ='1'!A69 -> 통안02060-2008-02 | L13: ='1'!D69 -> 44045 | M13: ='1'!E69 -> 일 | N13: ='1'!S69 -> 1.169 | O13: =N13-'1(t-1)'!S69 -> 0.004 | P13: =IF('1'!I69="이표고정","이표","할인") -> 이표 | Q13: ='1'!K69 -> 2.06 | R13: ='1'!H69 -> 10690000 | S13: =N7-N10 -> 0.01
B14: 국고19-1(01875-2403) | C14: ='1'!D10 -> 45361 | D14: ='1'!E10 -> 일 | E14: ='1'!S10 -> 1.21 | F14: ='1'!S10-'1(t-1)'!S10 -> 0 | G14: ='1'!H10 -> 10675000 | H14: 5년-3년 | K14: ='1'!A70 -> 통안01480-2007-01 | L14: ='1'!D70 -> 44021 | M14: ='1'!E70 -> 목 | N14: ='1'!S70 -> 1.164 | O14: =N14-'1(t-1)'!S70 -> 0.008 | P14: =IF('1'!I70="이표고정","이표","할인") -> 이표 | Q14: ='1'!K70 -> 1.48 | R14: ='1'!H70 -> 4550000
B15: 국고18-6(02250-2309) | C15: ='1'!D11 -> 45179 | D15: ='1'!E11 -> 일 | E15: ='1'!S11 -> 1.215 | F15: ='1'!S11-'1(t-1)'!S11 -> -0.002 | G15: ='1'!H11 -> 7342000 | H15: =E14-E7 -> 0.035 | K15: ='1'!A71 -> 통안02140-2006-02 | L15: ='1'!D71 -> 43984 | M15: ='1'!E71 -> 화 | N15: ='1'!S71 -> 1.146 | O15: =N15-'1(t-1)'!S71 -> 0.003 | P15: =IF('1'!I71="이표고정","이표","할인") -> 이표 | Q15: ='1'!K71 -> 2.14 | R15: ='1'!H71 -> 12020000
B16: 국고18-1(02375-2303) | C16: ='1'!D12 -> 44995 | D16: ='1'!E12 -> 금 | E16: ='1'!S12 -> 1.213 | F16: ='1'!S12-'1(t-1)'!S12 -> -0.003 | G16: ='1'!H12 -> 12566000 | K16: ='1'!A72 -> 통안01715-2005-01 | L16: ='1'!D72 -> 43960 | M16: ='1'!E72 -> 토 | N16: ='1'!S72 -> 1.171 | O16: =N16-'1(t-1)'!S72 -> 0.002 | P16: =IF('1'!I72="이표고정","이표","할인") -> 이표 | Q16: ='1'!K72 -> 1.715 | R16: ='1'!H72 -> 5100000 | S16: 1.5년-1년
B17: 국고17-4(02000-2209) | C17: ='1'!D13 -> 44814 | D17: ='1'!E13 -> 토 | E17: ='1'!S13 -> 1.21 | F17: ='1'!S13-'1(t-1)'!S13 -> -0.004 | G17: ='1'!H13 -> 9626000 | H17: 5년-2년 | K17: ='1'!A73 -> 통안02120-2004-02 | L17: ='1'!D73 -> 43923 | M17: ='1'!E73 -> 목 | N17: ='1'!S73 -> 1.166 | O17: =N17-'1(t-1)'!S73 -> 0.002 | P17: =IF('1'!I73="이표고정","이표","할인") -> 이표 | Q17: ='1'!K73 -> 2.12 | R17: ='1'!H73 -> 11590000 | S17: =N10-N13 -> 0.021
B18: 국고16-10(01875-2203) | C18: ='1'!D14 -> 44630 | D18: ='1'!E14 -> 목 | E18: ='1'!S14 -> 1.205 | F18: ='1'!S14-'1(t-1)'!S14 -> -0.005 | G18: ='1'!H14 -> 13346000 | H18: =E14-N7 -> 0.01 | K18: ='1'!A74 -> 통안01830-2003-01 | L18: ='1'!D74 -> 43899 | M18: ='1'!E74 -> 월 | N18: ='1'!S74 -> 1.189 | O18: =N18-'1(t-1)'!S74 -> 0.002 | P18: =IF('1'!I74="이표고정","이표","할인") -> 이표 | Q18: ='1'!K74 -> 1.83 | R18: ='1'!H74 -> 5850000
B19: 국고16-4(01375-2109) | C19: ='1'!D15 -> 44449 | D19: ='1'!E15 -> 금 | E19: ='1'!S15 -> 1.201 | F19: ='1'!S15-'1(t-1)'!S15 -> -0.004 | G19: ='1'!H15 -> 9553000 | K19: ='1'!A75 -> 통안DC020-0218-1820 | L19: ='1'!D75 -> 43879 | M19: ='1'!E75 -> 화 | N19: ='1'!S75 -> 1.191 | O19: =N19-'1(t-1)'!S75 -> 0.003 | P19: =IF('1'!I75="이표고정","이표","할인") -> 할인 | Q19: ='1'!K75 -> 1.183 | R19: ='1'!H75 -> 300000
B20: 국고15-9(02000-2103) | C20: ='1'!D16 -> 44265 | D20: ='1'!E16 -> 수 | E20: ='1'!S16 -> 1.16 | F20: ='1'!S16-'1(t-1)'!S16 -> 0.001 | G20: ='1'!H16 -> 12879000 | K20: ='1'!A76 -> 통안DC020-0204-1820 | L20: ='1'!D76 -> 43865 | M20: ='1'!E76 -> 화 | N20: ='1'!S76 -> 1.208 | O20: =N20-'1(t-1)'!S76 -> 0 | P20: =IF('1'!I76="이표고정","이표","할인") -> 할인 | Q20: ='1'!K76 -> 1.291 | R20: ='1'!H76 -> 300000
B21: 국고15-4(02000-2009) | C21: ='1'!D17 -> 44084 | D21: ='1'!E17 -> 목 | E21: ='1'!S17 -> 1.155 | F21: ='1'!S17-'1(t-1)'!S17 -> 0.006 | G21: ='1'!H17 -> 12033000 | K21: ='1'!A77 -> 통안02160-2002-02 | L21: ='1'!D77 -> 43863 | M21: ='1'!E77 -> 일 | N21: ='1'!S77 -> 1.193 | O21: =N21-'1(t-1)'!S77 -> 0.003 | P21: =IF('1'!I77="이표고정","이표","할인") -> 이표 | Q21: ='1'!K77 -> 2.16 | R21: ='1'!H77 -> 9460000
B22: 국고15-1(02000-2003) | C22: ='1'!D18 -> 43900 | D22: ='1'!E18 -> 화 | E22: ='1'!S18 -> 1.158 | F22: ='1'!S18-'1(t-1)'!S18 -> 0 | G22: ='1'!H18 -> 7717000 | K22: ='1'!A78 -> 통안DC020-0114-1820 | L22: ='1'!D78 -> 43844 | M22: ='1'!E78 -> 화 | N22: ='1'!S78 -> 1.216 | O22: =N22-'1(t-1)'!S78 -> 0.001 | P22: =IF('1'!I78="이표고정","이표","할인") -> 할인 | Q22: ='1'!K78 -> 1.46 | R22: ='1'!H78 -> 300000
B23: 국고14-4(02750-1909) | C23: ='1'!D19 -> 43718 | D23: ='1'!E19 -> 화 | E23: ='1'!S19 -> 1.245 | F23: ='1'!S19-'1(t-1)'!S19 -> -0.004 | G23: ='1'!H19 -> 8734000 | K23: ='1'!A79 -> 통안01820-2001-01 | L23: ='1'!D79 -> 43839 | M23: ='1'!E79 -> 목 | N23: ='1'!S79 -> 1.223 | O23: =N23-'1(t-1)'!S79 -> 0.002 | P23: =IF('1'!I79="이표고정","이표","할인") -> 이표 | Q23: ='1'!K79 -> 1.82 | R23: ='1'!H79 -> 5180000
A24: 10년 | B24: 국고19-4(01875-2906) | C24: ='1'!D21 -> 47279 | D24: ='1'!E21 -> 일 | E24: ='1'!S21 -> 1.241 | F24: ='1'!S21-'1(t-1)'!S21 -> -0.009 | G24: ='1'!H21 -> 8343000 | K24: ='1'!A80 -> 통안DC019-1231-1820 | L24: ='1'!D80 -> 43830 | M24: ='1'!E80 -> 화 | N24: ='1'!S80 -> 1.231 | O24: =N24-'1(t-1)'!S80 -> 0.001 | P24: =IF('1'!I80="이표고정","이표","할인") -> 할인 | Q24: ='1'!K80 -> 1.528 | R24: ='1'!H80 -> 300000
B25: 국고18-10(02375-2812) | C25: ='1'!D22 -> 47097 | D25: ='1'!E22 -> 일 | E25: ='1'!S22 -> 1.25 | F25: ='1'!S22-'1(t-1)'!S22 -> -0.01 | G25: ='1'!H22 -> 11424000 | H25: 10년-5년 | K25: ='1'!A81 -> 통안DC019-1217-1820 | L25: ='1'!D81 -> 43816 | M25: ='1'!E81 -> 화 | N25: ='1'!S81 -> 1.236 | O25: =N25-'1(t-1)'!S81 -> 0.002 | P25: =IF('1'!I81="이표고정","이표","할인") -> 할인 | Q25: ='1'!K81 -> 1.528 | R25: ='1'!H81 -> 300000
B26: 국고18-4(02625-2806) | C26: ='1'!D23 -> 46914 | D26: ='1'!E23 -> 토 | E26: ='1'!S23 -> 1.25 | F26: ='1'!S23-'1(t-1)'!S23 -> -0.01 | G26: ='1'!H23 -> 11437000 | H26: =E24-E14 -> 0.031 | K26: ='1'!A82 -> 통안DC019-1203-1820 | L26: ='1'!D82 -> 43802 | M26: ='1'!E82 -> 화 | N26: ='1'!S82 -> 1.24 | O26: =N26-'1(t-1)'!S82 -> 0.001 | P26: =IF('1'!I82="이표고정","이표","할인") -> 할인 | Q26: ='1'!K82 -> 1.607 | R26: ='1'!H82 -> 300000
B27: 국고17-7(02375-2712) | C27: ='1'!D24 -> 46731 | D27: ='1'!E24 -> 금 | E27: ='1'!S24 -> 1.246 | F27: ='1'!S24-'1(t-1)'!S24 -> -0.01 | G27: ='1'!H24 -> 11903000 | K27: ='1'!A83 -> 통안02060-1912-02 | L27: ='1'!D83 -> 43801 | M27: ='1'!E83 -> 월 | N27: ='1'!S83 -> 1.242 | O27: =N27-'1(t-1)'!S83 -> 0.002 | P27: =IF('1'!I83="이표고정","이표","할인") -> 이표 | Q27: ='1'!K83 -> 2.06 | R27: ='1'!H83 -> 10330000
B28: 국고17-3(02125-2706) | C28: ='1'!D25 -> 46548 | D28: ='1'!E25 -> 목 | E28: ='1'!S25 -> 1.241 | F28: ='1'!S25-'1(t-1)'!S25 -> -0.008 | G28: ='1'!H25 -> 12572000 | H28: 10년-3년 | K28: ='1'!A84 -> 통안DC019-1126-0910 | L28: ='1'!D84 -> 43795 | M28: ='1'!E84 -> 화 | N28: ='1'!S84 -> 1.272 | O28: =N28-'1(t-1)'!S84 -> 0 | P28: =IF('1'!I84="이표고정","이표","할인") -> 할인 | Q28: ='1'!K84 -> 1.266 | R28: ='1'!H84 -> 800000
B29: 국고16-8(01500-2612) | C29: ='1'!D26 -> 46366 | D29: ='1'!E26 -> 목 | E29: ='1'!S26 -> 1.237 | F29: ='1'!S26-'1(t-1)'!S26 -> -0.007 | G29: ='1'!H26 -> 13063000 | H29: =E24-E7 -> 0.066 | K29: ='1'!A85 -> 통안DC019-1119-1820 | L29: ='1'!D85 -> 43788 | M29: ='1'!E85 -> 화 | N29: ='1'!S85 -> 1.258 | O29: =N29-'1(t-1)'!S85 -> 0.003 | P29: =IF('1'!I85="이표고정","이표","할인") -> 할인 | Q29: ='1'!K85 -> 1.637 | R29: ='1'!H85 -> 300000
B30: 국고16-3(01875-2606) | C30: ='1'!D27 -> 46183 | D30: ='1'!E27 -> 수 | E30: ='1'!S27 -> 1.235 | F30: ='1'!S27-'1(t-1)'!S27 -> -0.008 | G30: ='1'!H27 -> 12212000 | K30: ='1'!A86 -> 통안DC019-1119-0910 | L30: ='1'!D86 -> 43788 | M30: ='1'!E86 -> 화 | N30: ='1'!S86 -> 1.258 | O30: =N30-'1(t-1)'!S86 -> 0.002 | P30: =IF('1'!I86="이표고정","이표","할인") -> 할인 | Q30: ='1'!K86 -> 1.266 | R30: ='1'!H86 -> 900000
B31: 국고15-8(02250-2512) | C31: ='1'!D28 -> 46001 | D31: ='1'!E28 -> 수 | E31: ='1'!S28 -> 1.229 | F31: ='1'!S28-'1(t-1)'!S28 -> -0.006 | G31: ='1'!H28 -> 12790012 | H31: 10년-2년 | K31: ='1'!A87 -> 통안DC019-1112-0910 | L31: ='1'!D87 -> 43781 | M31: ='1'!E87 -> 화 | N31: ='1'!S87 -> 1.263 | O31: =N31-'1(t-1)'!S87 -> 0.002 | P31: =IF('1'!I87="이표고정","이표","할인") -> 할인 | Q31: ='1'!K87 -> 1.277 | R31: ='1'!H87 -> 900000
B32: 국고15-2(02250-2506) | C32: ='1'!D29 -> 45818 | D32: ='1'!E29 -> 화 | E32: ='1'!S29 -> 1.224 | F32: ='1'!S29-'1(t-1)'!S29 -> -0.006 | G32: ='1'!H29 -> 15028000 | H32: =E24-N7 -> 0.041 | K32: ='1'!A88 -> 통안01870-1911-01 | L32: ='1'!D88 -> 43778 | M32: ='1'!E88 -> 토 | N32: ='1'!S88 -> 1.263 | O32: =N32-'1(t-1)'!S88 -> 0 | P32: =IF('1'!I88="이표고정","이표","할인") -> 이표 | Q32: ='1'!K88 -> 1.87 | R32: ='1'!H88 -> 3960000
B33: 국고14-5(03000-2409) | C33: ='1'!D30 -> 45545 | D33: ='1'!E30 -> 화 | E33: ='1'!S30 -> 1.222 | F33: ='1'!S30-'1(t-1)'!S30 -> -0.003 | G33: ='1'!H30 -> 16366030 | K33: ='1'!A89 -> 통안DC019-1105-1820 | L33: ='1'!D89 -> 43774 | M33: ='1'!E89 -> 화 | N33: ='1'!S89 -> 1.275 | O33: =N33-'1(t-1)'!S89 -> 0 | P33: =IF('1'!I89="이표고정","이표","할인") -> 할인 | Q33: ='1'!K89 -> 1.716 | R33: ='1'!H89 -> 300000
B34: 국고14-2(03500-2403) | C34: ='1'!D31 -> 45361 | D34: ='1'!E31 -> 일 | E34: ='1'!S31 -> 1.222 | F34: ='1'!S31-'1(t-1)'!S31 -> -0.003 | G34: ='1'!H31 -> 13194001 | K34: ='1'!A90 -> 통안DC019-1105-0910 | L34: ='1'!D90 -> 43774 | M34: ='1'!E90 -> 화 | N34: ='1'!S90 -> 1.275 | O34: =N34-'1(t-1)'!S90 -> 0 | P34: =IF('1'!I90="이표고정","이표","할인") -> 할인 | Q34: ='1'!K90 -> 1.336 | R34: ='1'!H90 -> 900000
B35: 국고13-6(03375-2309) | C35: ='1'!D32 -> 45179 | D35: ='1'!E32 -> 일 | E35: ='1'!S32 -> 1.215 | F35: ='1'!S32-'1(t-1)'!S32 -> -0.003 | G35: ='1'!H32 -> 12430026 | K35: ='1'!A91 -> 통안DC019-1029-0910 | L35: ='1'!D91 -> 43767 | M35: ='1'!E91 -> 화 | N35: ='1'!S91 -> 1.275 | O35: =N35-'1(t-1)'!S91 -> 0 | P35: =IF('1'!I91="이표고정","이표","할인") -> 할인 | Q35: ='1'!K91 -> 1.415 | R35: ='1'!H91 -> 700000
B36: 국고13-2(03000-2303) | C36: ='1'!D33 -> 44995 | D36: ='1'!E33 -> 금 | E36: ='1'!S33 -> 1.215 | F36: ='1'!S33-'1(t-1)'!S33 -> -0.003 | G36: ='1'!H33 -> 12262020 | K36: ='1'!A92 -> 통안DC019-1022-0910 | L36: ='1'!D92 -> 43760 | M36: ='1'!E92 -> 화 | N36: ='1'!S92 -> 1.275 | O36: =N36-'1(t-1)'!S92 -> 0 | P36: =IF('1'!I92="이표고정","이표","할인") -> 할인 | Q36: ='1'!K92 -> 1.485 | R36: ='1'!H92 -> 800000
B37: 국고12-3(03750-2206) | C37: ='1'!D34 -> 44722 | D37: ='1'!E34 -> 금 | E37: ='1'!S34 -> 1.206 | F37: ='1'!S34-'1(t-1)'!S34 -> -0.004 | G37: ='1'!H34 -> 15281500 | K37: ='1'!A93 -> 통안DC019-1015-1820 | L37: ='1'!D93 -> 43753 | M37: ='1'!E93 -> 화 | N37: ='1'!S93 -> 1.275 | O37: =N37-'1(t-1)'!S93 -> 0 | P37: =IF('1'!I93="이표고정","이표","할인") -> 할인 | Q37: ='1'!K93 -> 1.764 | R37: ='1'!H93 -> 300000
B38: 국고11-3(04250-2106) | C38: ='1'!D35 -> 44357 | D38: ='1'!E35 -> 목 | E38: ='1'!S35 -> 1.179 | F38: ='1'!S35-'1(t-1)'!S35 -> -0.003 | G38: ='1'!H35 -> 17285959 | K38: ='1'!A94 -> 통안DC019-1015-0910 | L38: ='1'!D94 -> 43753 | M38: ='1'!E94 -> 화 | N38: ='1'!S94 -> 1.275 | O38: =N38-'1(t-1)'!S94 -> 0 | P38: =IF('1'!I94="이표고정","이표","할인") -> 할인 | Q38: ='1'!K94 -> 1.515 | R38: ='1'!H94 -> 770000
B39: 국고10-3(05000-2006) | C39: ='1'!D36 -> 43992 | D39: ='1'!E36 -> 수 | E39: ='1'!S36 -> 1.078 | F39: ='1'!S36-'1(t-1)'!S36 -> 0.001 | G39: ='1'!H36 -> 11863000 | K39: ='1'!A95 -> 통안DC019-1008-0910 | L39: ='1'!D95 -> 43746 | M39: ='1'!E95 -> 화 | N39: ='1'!S95 -> 1.275 | O39: =N39-'1(t-1)'!S95 -> 0 | P39: =IF('1'!I95="이표고정","이표","할인") -> 할인 | Q39: ='1'!K95 -> 1.534 | R39: ='1'!H95 -> 900000
B40: 물가18-5(01750-2806) | C40: ='1'!D37 -> 46914 | D40: ='1'!E37 -> 토 | E40: ='1'!S37 -> 0.63 | F40: ='1'!S37-'1(t-1)'!S37 -> -0.015 | G40: ='1'!H37 -> 1461000 | K40: ='1'!A96 -> 통안01850-1910-02 | L40: ='1'!D96 -> 43740 | M40: ='1'!E96 -> 수 | N40: ='1'!S96 -> 1.275 | O40: =N40-'1(t-1)'!S96 -> 0 | P40: =IF('1'!I96="이표고정","이표","할인") -> 이표 | Q40: ='1'!K96 -> 1.85 | R40: ='1'!H96 -> 8310000
B41: 물가16-5(01000-2606) | C41: ='1'!D38 -> 46183 | D41: ='1'!E38 -> 수 | E41: ='1'!S38 -> 0.407 | F41: ='1'!S38-'1(t-1)'!S38 -> -0.012 | G41: ='1'!H38 -> 2918020 | K41: ='1'!A97 -> 통안DC019-1001-1820 | L41: ='1'!D97 -> 43739 | M41: ='1'!E97 -> 화 | N41: ='1'!S97 -> 1.275 | O41: =N41-'1(t-1)'!S97 -> 0 | P41: =IF('1'!I97="이표고정","이표","할인") -> 할인 | Q41: ='1'!K97 -> 1.784 | R41: ='1'!H97 -> 310000
B42: 물가15-5(01750-2506) | C42: ='1'!D39 -> 45818 | D42: ='1'!E39 -> 화 | E42: ='1'!S39 -> 0.273 | F42: ='1'!S39-'1(t-1)'!S39 -> -0.012 | G42: ='1'!H39 -> 683030 | K42: ='1'!A98 -> 통안DC019-1001-0910 | L42: ='1'!D98 -> 43739 | M42: ='1'!E98 -> 화 | N42: ='1'!S98 -> 1.275 | O42: =N42-'1(t-1)'!S98 -> 0 | P42: =IF('1'!I98="이표고정","이표","할인") -> 할인 | Q42: ='1'!K98 -> 1.574 | R42: ='1'!H98 -> 900000
B43: 물가13-4(01125-2306) | C43: ='1'!D40 -> 45087 | D43: ='1'!E40 -> 토 | E43: ='1'!S40 -> 0.181 | F43: ='1'!S40-'1(t-1)'!S40 -> -0.013 | G43: ='1'!H40 -> 679312 | K43: ='1'!A99 -> 통안DC019-0924-0910 | L43: ='1'!D99 -> 43732 | M43: ='1'!E99 -> 화 | N43: ='1'!S99 -> 1.275 | O43: =N43-'1(t-1)'!S99 -> 0 | P43: =IF('1'!I99="이표고정","이표","할인") -> 할인 | Q43: ='1'!K99 -> 1.564 | R43: ='1'!H99 -> 600000
B44: 물가11-4(0150-2106) | C44: ='1'!D41 -> 44357 | D44: ='1'!E41 -> 목 | E44: ='1'!S41 -> 0.133 | F44: ='1'!S41-'1(t-1)'!S41 -> -0.032 | G44: ='1'!H41 -> 2753051 | K44: ='1'!A100 -> 통안DC019-0917-1820 | L44: ='1'!D100 -> 43725 | M44: ='1'!E100 -> 화 | N44: ='1'!S100 -> 1.275 | O44: =N44-'1(t-1)'!S100 -> 0 | P44: =IF('1'!I100="이표고정","이표","할인") -> 할인 | Q44: ='1'!K100 -> 1.794 | R44: ='1'!H100 -> 250000
B45: 물가10-4(0275-2006) | C45: ='1'!D42 -> 43992 | D45: ='1'!E42 -> 수 | E45: ='1'!S42 -> 0.053 | F45: ='1'!S42-'1(t-1)'!S42 -> -0.003 | G45: ='1'!H42 -> 943000 | K45: ='1'!A101 -> 통안DC019-0917-0910 | L45: ='1'!D101 -> 43725 | M45: ='1'!E101 -> 화 | N45: ='1'!S101 -> 1.275 | O45: =N45-'1(t-1)'!S101 -> 0 | P45: =IF('1'!I101="이표고정","이표","할인") -> 할인 | Q45: ='1'!K101 -> 1.534 | R45: ='1'!H101 -> 800000
A46: 20년 | B46: 국고19-6(01125-3909) | C46: ='1'!D43 -> 51023 | D46: ='1'!E43 -> 토 | E46: ='1'!S43 -> 1.235 | F46: ='1'!S43-'1(t-1)'!S43 -> -0.015 | G46: ='1'!H43 -> 200000 | K46: ='1'!A102 -> 통안DC019-0910-0910 | L46: ='1'!D102 -> 43718 | M46: ='1'!E102 -> 화 | N46: ='1'!S102 -> 1.275 | O46: =N46-'1(t-1)'!S102 -> 0 | P46: =IF('1'!I102="이표고정","이표","할인") -> 할인 | Q46: ='1'!K102 -> 1.594 | R46: ='1'!H102 -> 800000
B47: 국고18-7(02375-3809) | C47: ='1'!D44 -> 50658 | D47: ='1'!E44 -> 금 | E47: ='1'!S44 -> 1.25 | F47: ='1'!S44-'1(t-1)'!S44 -> -0.015 | G47: ='1'!H44 -> 8221000 | H47: 20년-10년 | K47: ='1'!A103 -> 통안01800-1909-01 | L47: ='1'!D103 -> 43717 | M47: ='1'!E103 -> 월 | N47: ='1'!S103 -> 1.275 | O47: =N47-'1(t-1)'!S103 -> 0 | P47: =IF('1'!I103="이표고정","이표","할인") -> 이표 | Q47: ='1'!K103 -> 1.8 | R47: ='1'!H103 -> 5720000
B48: 국고17-5(02250-3709) | C48: ='1'!D45 -> 50293 | D48: ='1'!E45 -> 목 | E48: ='1'!S45 -> 1.255 | F48: ='1'!S45-'1(t-1)'!S45 -> -0.015 | G48: ='1'!H45 -> 9556000 | H48: =E47-E24 -> 0.009 | K48: ='1'!A104 -> 통안DC019-0903-1820 | L48: ='1'!D104 -> 43711 | M48: ='1'!E104 -> 화 | N48: ='1'!S104 -> 1.275 | O48: =N48-'1(t-1)'!S104 -> 0 | P48: =IF('1'!I104="이표고정","이표","할인") -> 할인 | Q48: ='1'!K104 -> 1.803 | R48: ='1'!H104 -> 370000
B49: 국고16-6(01500-3609) | C49: ='1'!D46 -> 49928 | D49: ='1'!E46 -> 수 | E49: ='1'!S46 -> 1.248 | F49: ='1'!S46-'1(t-1)'!S46 -> -0.015 | G49: ='1'!H46 -> 9793000 | K49: ='1'!A105 -> 통안DC019-0903-0910 | L49: ='1'!D105 -> 43711 | M49: ='1'!E105 -> 화 | N49: ='1'!S105 -> 1.275 | O49: =N49-'1(t-1)'!S105 -> 0 | P49: =IF('1'!I105="이표고정","이표","할인") -> 할인 | Q49: ='1'!K105 -> 1.614 | R49: ='1'!H105 -> 800000
B50: 국고15-6(02625-3509) | C50: ='1'!D47 -> 49562 | D50: ='1'!E47 -> 월 | E50: ='1'!S47 -> 1.245 | F50: ='1'!S47-'1(t-1)'!S47 -> -0.013 | G50: ='1'!H47 -> 12359092
B51: 국고13-8(03750-3312) | C51: ='1'!D48 -> 48923 | D51: ='1'!E48 -> 토 | E51: ='1'!S48 -> 1.243 | F51: ='1'!S48-'1(t-1)'!S48 -> -0.011 | G51: ='1'!H48 -> 17673540
B52: 국고11-7(0400-3112) | C52: ='1'!D49 -> 48192 | D52: ='1'!E49 -> 수 | E52: ='1'!S49 -> 1.243 | F52: ='1'!S49-'1(t-1)'!S49 -> -0.012 | G52: ='1'!H49 -> 19863560
B53: 국고10-7(0475-3012) | C53: ='1'!D50 -> 47827 | D53: ='1'!E50 -> 화 | E53: ='1'!S50 -> 1.242 | F53: ='1'!S50-'1(t-1)'!S50 -> -0.01 | G53: ='1'!H50 -> 11258300
B54: 국고9-5(0550-2912) | C54: ='1'!D51 -> 47462 | D54: ='1'!E51 -> 월 | E54: ='1'!S51 -> 1.24 | F54: ='1'!S51-'1(t-1)'!S51 -> -0.01 | G54: ='1'!H51 -> 11103300
B55: 국고8-2(0550-2803) | C55: ='1'!D52 -> 46822 | D55: ='1'!E52 -> 금 | E55: ='1'!S52 -> 1.25 | F55: ='1'!S52-'1(t-1)'!S52 -> -0.01 | G55: ='1'!H52 -> 10927000
B56: 국고7-3(0525-2703) | C56: ='1'!D53 -> 46456 | D56: ='1'!E53 -> 수 | E56: ='1'!S53 -> 1.239 | F56: ='1'!S53-'1(t-1)'!S53 -> -0.008 | G56: ='1'!H53 -> 5181000
B57: 국고6-1(05750-2603) | C57: ='1'!D54 -> 46091 | D57: ='1'!E54 -> 화 | E57: ='1'!S54 -> 1.23 | F57: ='1'!S54-'1(t-1)'!S54 -> -0.008 | G57: ='1'!H54 -> 6649210
A58: 30년 | B58: 국고19-2(02000-4903 | C58: ='1'!D55 -> 54492 | D58: ='1'!E55 -> 수 | E58: ='1'!S55 -> 1.25 | F58: ='1'!S55-'1(t-1)'!S55 -> -0.017 | G58: ='1'!H55 -> 16187014
B59: 국고18-2(02625-4803) | C59: ='1'!D56 -> 54127 | D59: ='1'!E56 -> 화 | E59: ='1'!S56 -> 1.252 | F59: ='1'!S56-'1(t-1)'!S56 -> -0.018 | G59: ='1'!H56 -> 22902000 | H59: 30년-20년
B60: 국고17-1(02125-4703) | C60: ='1'!D57 -> 53761 | D60: ='1'!E57 -> 일 | E60: ='1'!S57 -> 1.251 | F60: ='1'!S57-'1(t-1)'!S57 -> -0.018 | G60: ='1'!H57 -> 21413000 | H60: =(E58-E47) -> 0
B61: 국고16-1(0200-4603) | C61: ='1'!D58 -> 53396 | D61: ='1'!E58 -> 토 | E61: ='1'!S58 -> 1.251 | F61: ='1'!S58-'1(t-1)'!S58 -> -0.018 | G61: ='1'!H58 -> 14387000
B62: 국고14-7(02750-4412) | C62: ='1'!D59 -> 52941 | D62: ='1'!E59 -> 토 | E62: ='1'!S59 -> 1.251 | F62: ='1'!S59-'1(t-1)'!S59 -> -0.016 | G62: ='1'!H59 -> 15083029
B63: 국고12-5(0300-4212) | C63: ='1'!D60 -> 52210 | D63: ='1'!E60 -> 수 | E63: ='1'!S60 -> 1.25 | F63: ='1'!S60-'1(t-1)'!S60 -> -0.016 | G63: ='1'!H60 -> 20278021
A64: 50년 | B64: 국고18-8(02000-6809) | C64: ='1'!D61 -> 61616 | D64: ='1'!E61 -> 월 | E64: ='1'!S61 -> 1.27 | F64: ='1'!S61-'1(t-1)'!S61 -> -0.018 | G64: ='1'!H61 -> 3558000
B65: 국고16-9(01500-6609) | C65: ='1'!D62 -> 60885 | D65: ='1'!E62 -> 금 | E65: ='1'!S62 -> 1.263 | F65: ='1'!S62-'1(t-1)'!S62 -> -0.017 | G65: ='1'!H62 -> 2184000
B67: 종목명 | C67: 만기일 | D67: 요일 | E67: 민평 | F67: 전일비 | G67: 상장액(백만) | H67: spread
A68: 국 주 | B68: ='2'!A2 -> 국민주택1종19-08-2 | C68: ='2'!D2 -> 45535 | D68: ='2'!E2 -> 토 | E68: ='2'!S2 -> 1.275 | F68: =E68-'2(t-1)'!S2 -> -0.002 | G68: ='2'!H2 -> 1008781 | H68: 국주1종
B69: ='2'!A3 -> 국민주택1종19-08 | C69: ='2'!D3 -> 45535 | D69: ='2'!E3 -> 토 | E69: ='2'!S3 -> 1.275 | F69: =E69-'2(t-1)'!S3 -> -0.002 | G69: ='2'!H3 -> 493819 | H69: -국고5년 | Z69: =TODAY() -> 43706 | AA69: 43391 | AB69: 43390 | AC69: 43389 | AD69: 43388 | AE69: 43385 | AF69: 43384 | AG69: 43383 | AH69: 43381 | AI69: 43378 | AJ69: 43377 | AK69: 43374 | AL69: 43371 | AM69: 43370 | AN69: 43364 | AO69: 43363 | AP69: 43362 | AQ69: 43361 | AR69: 43360
B70: ='2'!A4 -> 국민주택1종19-07-2 | C70: ='2'!D4 -> 45504 | D70: ='2'!E4 -> 수 | E70: ='2'!S4 -> 1.275 | F70: =E70-'2(t-1)'!S4 -> -0.003 | G70: ='2'!H4 -> 430790 | H70: =E68-E14 -> 0.065 | Z70: =TODAY() -> 43706 | AA70: 43391 | AB70: 43390 | AC70: 43389 | AD70: 43388 | AE70: 43385 | AF70: 43384 | AG70: 43383 | AH70: 43381 | AI70: 43378 | AJ70: 43377 | AK70: 43374 | AL70: 43371 | AM70: 43370 | AN70: 43364 | AO70: 43363 | AP70: 43362 | AQ70: 43361 | AR70: 43360 | AS70: 43357
B71: ='2'!A5 -> 국민주택1종19-07 | C71: ='2'!D5 -> 45504 | D71: ='2'!E5 -> 수 | E71: ='2'!S5 -> 1.275 | F71: =E71-'2(t-1)'!S5 -> -0.003 | G71: ='2'!H5 -> 1036789 | Z71: =TODAY() -> 43706 | AA71: 43706 | AB71: 43705 | AC71: 43704 | AD71: 43703 | AE71: 43700 | AF71: 43699 | AG71: 43698 | AH71: 43697 | AI71: 43696 | AJ71: 43693 | AK71: 43691 | AL71: 43690 | AM71: 43689 | AN71: 43686 | AO71: 43685 | AP71: 43684 | AQ71: 43683 | AR71: 43679 | AS71: 43678
B72: ='2'!A6 -> 국민주택1종19-06-2 | C72: ='2'!D6 -> 45473 | D72: ='2'!E6 -> 일 | E72: ='2'!S6 -> 1.273 | F72: =E72-'2(t-1)'!S6 -> -0.002 | G72: ='2'!H6 -> 1062981 | Y72: 스프레드 | Z72: =TODAY() -> 43706 | AA72: 43705 | AB72: 43704 | AC72: 43703 | AD72: 43700 | AE72: 43699 | AF72: 43698 | AG72: 43697 | AH72: 43696 | AI72: 43693 | AJ72: 43691 | AK72: 43690 | AL72: 43689 | AM72: 43686 | AN72: 43685 | AO72: 43684 | AP72: 43683 | AQ72: 43682 | AR72: 43678 | AS72: 43677 | AT72: 42261 | AU72: 42146
B73: ='2'!A7 -> 국민주택1종19-06 | C73: ='2'!D7 -> 45473 | D73: ='2'!E7 -> 일 | E73: ='2'!S7 -> 1.273 | F73: =E73-'2(t-1)'!S7 -> -0.002 | G73: ='2'!H7 -> 78726 | Y73: 국고30년-국고 10년 | Z73: =H60+H48 -> 0.009 | AA73: 0.017 | AB73: 0.03 | AC73: 0.008 | AD73: 0.012 | AE73: -0.007 | AF73: -0.015 | AG73: -0.013 | AH73: -0.032 | AI73: -0.028 | AJ73: -0.02 | AK73: -0.025 | AL73: -0.025 | AM73: -0.027 | AN73: -0.01 | AO73: -0.005 | AP73: -0.007 | AQ73: -0.015 | AR73: -0.023 | AS73: -0.025 | AT73: 0.252 | AU73: 0.31
B74: ='2'!A8 -> 국민주택1종19-05 | C74: ='2'!D8 -> 45443 | D74: ='2'!E8 -> 금 | E74: ='2'!S8 -> 1.272 | F74: =E74-'2(t-1)'!S8 -> -0.002 | G74: ='2'!H8 -> 1322205 | Y74: 국고20년 - 국고10년 | Z74: =H48 -> 0.009 | AA74: 0.015 | AB74: 0.023 | AC74: 0.008 | AD74: 0.01 | AE74: -0.012 | AF74: -0.008 | AG74: -0.008 | AH74: -0.024 | AI74: -0.02 | AJ74: -0.002 | AK74: -0.012 | AL74: -0.013 | AM74: -0.015 | AN74: -0.002 | AO74: 0.002 | AP74: 0 | AQ74: -0.007 | AR74: -0.01 | AS74: -0.013 | AT74: 0.162 | AU74: 0.227
A75: 지역채 | B75: ='2'!A9 -> 경기지역개발19-08 | C75: ='2'!D9 -> 45535 | D75: ='2'!E9 -> 토 | E75: ='2'!S9 -> 1.324 | F75: =E75-'2(t-1)'!S9 -> -0.003 | G75: ='2'!H9 -> 25635 | H75: 지역채5년 | Y75: 국고10년 - 국고5년 | Z75: =H26 -> 0.031 | AA75: 0.04 | AB75: 0.045 | AC75: 0.049 | AD75: 0.05 | AE75: 0.06 | AF75: 0.055 | AG75: 0.053 | AH75: 0.048 | AI75: 0.048 | AJ75: 0.05 | AK75: 0.062 | AL75: 0.065 | AM75: 0.065 | AN75: 0.07 | AO75: 0.069 | AP75: 0.062 | AQ75: 0.063 | AR75: 0.065 | AS75: 0.07 | AT75: 0.388 | AU75: 0.395
B76: ='2'!A10 -> 경기지역개발19-07 | C76: ='2'!D10 -> 45504 | D76: ='2'!E10 -> 수 | E76: ='2'!S10 -> 1.323 | F76: =E76-'2(t-1)'!S10 -> -0.003 | G76: ='2'!H10 -> 29005 | H76: -국고5년 | Y76: 국고5년 - 국고3년 | Z76: =H15 -> 0.035 | AA76: 0.033 | AB76: 0.025 | AC76: 0.048 | AD76: 0.055 | AE76: 0.053 | AF76: 0.045 | AG76: 0.04 | AH76: 0.03 | AI76: 0.035 | AJ76: 0.028 | AK76: 0.038 | AL76: 0.04 | AM76: 0.04 | AN76: 0.03 | AO76: 0.021 | AP76: 0.016 | AQ76: 0.031 | AR76: 0.031 | AS76: 0.035 | AT76: 0.192 | AU76: 0.24
B77: ='2'!A11 -> 경기지역개발19-06 | C77: ='2'!D11 -> 45473 | D77: ='2'!E11 -> 일 | E77: ='2'!S11 -> 1.322 | F77: =E77-'2(t-1)'!S11 -> -0.002 | G77: ='2'!H11 -> 24093 | H77: =E75-E14 -> 0.114 | Y77: 국고10년 - 국고3년 | Z77: =H29 -> 0.066 | AA77: 0.073 | AB77: 0.07 | AC77: 0.097 | AD77: 0.105 | AE77: 0.113 | AF77: 0.1 | AG77: 0.093 | AH77: 0.078 | AI77: 0.083 | AJ77: 0.078 | AK77: 0.1 | AL77: 0.105 | AM77: 0.105 | AN77: 0.1 | AO77: 0.09 | AP77: 0.078 | AQ77: 0.094 | AR77: 0.096 | AS77: 0.105 | AT77: 0.58 | AU77: 0.635
A78: 예 보 채 | B78: ='2'!A12 -> 예보상환기금채2018-2 | C78: ='2'!D12 -> 44418 | D78: ='2'!E12 -> 화 | E78: ='2'!S12 -> 1.312 | F78: =E78-'2(t-1)'!S12 -> 0.013 | G78: ='2'!H12 -> 800000 | Y78: 국고10년 - 통안2년 | Z78: =H32 -> 0.041 | AA78: 0.063 | AB78: 0.045 | AC78: 0.089 | AD78: 0.1 | AE78: 0.125 | AF78: 0.103 | AG78: 0.094 | AH78: 0.078 | AI78: 0.083 | AJ78: 0.08 | AK78: 0.105 | AL78: 0.108 | AM78: 0.102 | AN78: 0.082 | AO78: 0.06 | AP78: 0.045 | AQ78: 0.067 | AR78: 0.078 | AS78: 0.086 | AT78: 0.633 | AU78: 0.683
B79: ='2'!A13 -> 예보상환기금채2018-1 | C79: ='2'!D13 -> 44227 | D79: ='2'!E13 -> 일 | E79: ='2'!S13 -> 1.284 | F79: =E79-'2(t-1)'!S13 -> 0.005 | G79: ='2'!H13 -> 680000 | H79: 예보3년 | Y79: 국고3년 - 통안2년 | Z79: =H10 -> -0.025 | AA79: -0.01 | AB79: -0.025 | AC79: -0.008 | AD79: -0.005 | AE79: 0.012 | AF79: 0.003 | AG79: 0.001 | AH79: 0 | AI79: 0 | AJ79: 0.002 | AK79: 0.005 | AL79: 0.003 | AM79: -0.003 | AN79: -0.018 | AO79: -0.03 | AP79: -0.033 | AQ79: -0.027 | AR79: -0.018 | AS79: -0.019 | AT79: 0.053 | AU79: 0.048
B80: ='2'!A14 -> 예보상환기금채2017-1 | C80: ='2'!D14 -> 44136 | D80: ='2'!E14 -> 일 | E80: ='2'!S14 -> 1.271 | F80: =E80-'2(t-1)'!S14 -> 0.006 | G80: ='2'!H14 -> 1520000 | H80: -국고3년 | Y80: 통안2년 - 통안1년 | Z80: =S10 -> 0.031 | AA80: 0.022 | AB80: 0.011 | AC80: 0.019 | AD80: -0.008 | AE80: 0.007 | AF80: -0.045 | AG80: -0.056 | AH80: -0.058 | AI80: -0.048 | AJ80: -0.058 | AK80: -0.037 | AL80: -0.044 | AM80: -0.051 | AN80: -0.057 | AO80: -0.039 | AP80: -0.032 | AQ80: -0.009 | AR80: -0.002 | AS80: 0
B81: ='2'!A15 -> 예보상환기금채2015-1 | C81: ='2'!D15 -> 44160 | D81: ='2'!E15 -> 수 | E81: ='2'!S15 -> 1.274 | F81: =E81-'2(t-1)'!S15 -> 0.005 | G81: ='2'!H15 -> 880000 | H81: =E78-E7 -> 0.137 | Y81: 국주5년 - 국고5년 | Z81: =H70 -> 0.065 | AA81: 0.067 | AB81: 0.065 | AC81: 0.057 | AD81: 0.05 | AE81: 0.049 | AF81: 0.05 | AG81: 0.049 | AH81: 0.05 | AI81: 0.048 | AJ81: 0.05 | AK81: 0.048 | AL81: 0.045 | AM81: 0.043 | AN81: 0.043 | AO81: 0.044 | AP81: 0.044 | AQ81: 0.048 | AR81: 0.053 | AS81: 0.054
Y82: 은행1년 - 통안1년 | Z82: =시평!E16-시평!E13 -> 0.16 | AA82: 0.158 | AB82: 0.163 | AC82: 0.158 | AD82: 0.152 | AE82: 0.145 | AF82: 0.141 | AG82: 0.139 | AH82: 0.136 | AI82: 0.13 | AJ82: 0.124 | AK82: 0.117 | AL82: 0.109 | AM82: 0.104 | AN82: 0.101 | AO82: 0.098 | AP82: 0.098 | AQ82: 0.092 | AR82: 0.089 | AS82: 0.09
A83: 예 특 | B83: 예특2019-2 | C83: ='2'!D28 -> 45369 | D83: ='2'!E28 -> 월 | E83: ='2'!S28 -> 1.33 | F83: =E83-'2(t-1)'!S28 -> -0.001 | G83: ='2'!H28 -> 360000 | Y83: 은행3년 - 국고3년 | Z83: =시평!I16-시평!I2 -> 0.192 | AA83: 0.19 | AB83: 0.193 | AC83: 0.188 | AD83: 0.187 | AE83: 0.182 | AF83: 0.183 | AG83: 0.183 | AH83: 0.18 | AI83: 0.172 | AJ83: 0.17 | AK83: 0.163 | AL83: 0.162 | AM83: 0.161 | AN83: 0.161 | AO83: 0.159 | AP83: 0.159 | AQ83: 0.154 | AR83: 0.15 | AS83: 0.15 | AT83: 0.124 | AU83: 0.138
B84: 예특2019-1 | C84: ='2'!D29 -> 45305 | D84: ='2'!E29 -> 일 | E84: ='2'!S29 -> 1.33 | F84: =E84-'2(t-1)'!S29 -> -0.001 | G84: ='2'!H29 -> 580000 | Y84: 은행5년 - 국고5년 | Z84: =시평!K16-시평!K2 -> 0.179 | AA84: 0.18 | AB84: 0.18 | AC84: 0.179 | AD84: 0.179 | AE84: 0.179 | AF84: 0.179 | AG84: 0.179 | AH84: 0.179 | AI84: 0.175 | AJ84: 0.176 | AK84: 0.172 | AL84: 0.172 | AM84: 0.173 | AN84: 0.173 | AO84: 0.174 | AP84: 0.173 | AQ84: 0.167 | AR84: 0.166 | AS84: 0.166 | AT84: 0.169 | AU84: 0.191
B85: 예특2018-1 | C85: ='2'!D30 -> 44971 | D85: ='2'!E30 -> 화 | E85: ='2'!S30 -> 1.328 | F85: =E85-'2(t-1)'!S30 -> -0.002 | G85: ='2'!H30 -> 320000 | H85: 예특5년 | Y85: 공사3년 - 국고3년 | Z85: =시평!I9-시평!I2 -> 0.157 | AA85: 0.156 | AB85: 0.156 | AC85: 0.156 | AD85: 0.155 | AE85: 0.154 | AF85: 0.154 | AG85: 0.152 | AH85: 0.151 | AI85: 0.144 | AJ85: 0.141 | AK85: 0.136 | AL85: 0.135 | AM85: 0.135 | AN85: 0.135 | AO85: 0.133 | AP85: 0.134 | AQ85: 0.128 | AR85: 0.126 | AS85: 0.127 | AT85: 0.114 | AU85: 0.136
B86: 예특2017-4 | C86: ='2'!D31 -> 44796 | D86: ='2'!E31 -> 화 | E86: ='2'!S31 -> 1.329 | F86: =E86-'2(t-1)'!S31 -> -0.001 | G86: ='2'!H31 -> 1200000 | H86: -국고5년 | Y86: 공사5년 - 국고5년 | Z86: =시평!K9-시평!K2 -> 0.126 | AA86: 0.126 | AB86: 0.127 | AC86: 0.122 | AD86: 0.12 | AE86: 0.12 | AF86: 0.122 | AG86: 0.122 | AH86: 0.122 | AI86: 0.115 | AJ86: 0.116 | AK86: 0.109 | AL86: 0.109 | AM86: 0.109 | AN86: 0.11 | AO86: 0.11 | AP86: 0.11 | AQ86: 0.102 | AR86: 0.101 | AS86: 0.101 | AT86: 0.135 | AU86: 0.178
B87: 예특2017-3 | C87: ='2'!D32 -> 44726 | D87: ='2'!E32 -> 화 | E87: ='2'!S32 -> 1.327 | F87: =E87-'2(t-1)'!S32 -> -0.002 | G87: ='2'!H32 -> 900000 | H87: =E83-E14 -> 0.12 | Y87: 공사10년 - 국고10년 | Z87: =시평!M9-시평!M2 -> 0.106 | AA87: 0.106 | AB87: 0.106 | AC87: 0.106 | AD87: 0.106 | AE87: 0.108 | AF87: 0.111 | AG87: 0.112 | AH87: 0.112 | AI87: 0.104 | AJ87: 0.105 | AK87: 0.102 | AL87: 0.102 | AM87: 0.102 | AN87: 0.103 | AO87: 0.103 | AP87: 0.103 | AQ87: 0.095 | AR87: 0.094 | AS87: 0.094 | AT87: 0.156 | AU87: 0.148
B88: 예특2015-1 | C88: ='2'!D33 -> 44582 | D88: ='2'!E33 -> 금 | E88: ='2'!S33 -> 1.329 | F88: =E88-'2(t-1)'!S33 -> 0.001 | G88: ='2'!H33 -> 600000 | Y88: 회사AA-3년 - 국고3년 | Z88: =시평!I55-시평!I2 -> 0.371 | AA88: 0.366 | AB88: 0.366 | AC88: 0.364 | AD88: 0.362 | AE88: 0.359 | AF88: 0.36 | AG88: 0.358 | AH88: 0.355 | AI88: 0.347 | AJ88: 0.345 | AK88: 0.338 | AL88: 0.338 | AM88: 0.337 | AN88: 0.337 | AO88: 0.334 | AP88: 0.333 | AQ88: 0.326 | AR88: 0.318 | AS88: 0.318 | AT88: 0.354 | AU88: 0.292
B89: 예특2018-4 | C89: ='2'!D34 -> 44430 | D89: ='2'!E34 -> 일 | E89: ='2'!S34 -> 1.344 | F89: =E89-'2(t-1)'!S34 -> 0.014 | G89: ='2'!H34 -> 450000 | H89: 예특3년 | Y89: 회사AA-5년 - 국고5년 | Z89: =시평!K55-시평!K2 -> 0.467 | AA89: 0.464 | AB89: 0.465 | AC89: 0.46 | AD89: 0.46 | AE89: 0.46 | AF89: 0.46 | AG89: 0.462 | AH89: 0.46 | AI89: 0.451 | AJ89: 0.451 | AK89: 0.443 | AL89: 0.443 | AM89: 0.444 | AN89: 0.445 | AO89: 0.446 | AP89: 0.446 | AQ89: 0.439 | AR89: 0.43 | AS89: 0.43 | AT89: 0.491 | AU89: 0.418
B90: 예특2018-3 | C90: ='2'!D35 -> 44344 | D90: ='2'!E35 -> 금 | E90: ='2'!S35 -> 1.331 | F90: =E90-'2(t-1)'!S35 -> 0.01 | G90: ='2'!H35 -> 400000 | H90: -국고3년 | Y90: 카드채2년 - 국고3년 | Z90: =시평!G32-시평!I2 -> 0.324 | AA90: 0.303 | AB90: 0.316 | AC90: 0.294 | AD90: 0.288 | AE90: 0.263 | AF90: 0.27 | AG90: 0.263 | AH90: 0.255 | AI90: 0.242 | AJ90: 0.236 | AK90: 0.221 | AL90: 0.213 | AM90: 0.211 | AN90: 0.225 | AO90: 0.223 | AP90: 0.224 | AQ90: 0.215 | AR90: 0.206 | AS90: 0.208 | AT90: 0.171 | AU90: 0.118
B91: 예특2017-2 | C91: ='2'!D36 -> 44333 | D91: ='2'!E36 -> 월 | E91: ='2'!S36 -> 1.329 | F91: =E91-'2(t-1)'!S36 -> 0.009 | G91: ='2'!H36 -> 900000 | H91: =E87-E7 -> 0.152 | Y91: 카드채3년 - 국고3년 | Z91: =시평!I32-시평!I2 -> 0.316 | AA91: 0.311 | AB91: 0.307 | AC91: 0.299 | AD91: 0.298 | AE91: 0.293 | AF91: 0.292 | AG91: 0.283 | AH91: 0.274 | AI91: 0.263 | AJ91: 0.258 | AK91: 0.247 | AL91: 0.237 | AM91: 0.234 | AN91: 0.24 | AO91: 0.236 | AP91: 0.236 | AQ91: 0.229 | AR91: 0.23 | AS91: 0.233 | AT91: 0.291 | AU91: 0.218
B92: 예특2018-2 | C92: ='2'!D37 -> 44248 | D92: ='2'!E37 -> 일 | E92: ='2'!S37 -> 1.319 | F92: =E92-'2(t-1)'!S37 -> 0.005 | G92: ='2'!H37 -> 280000 | Y92: CD3M - 은행3M | Z92: =시가평가표!I24-시가평가표!C10 -> 0.082 | AA92: 0.085 | AB92: 0.089 | AC92: 0.089 | AD92: 0.097 | AE92: 0.094 | AF92: 0.096 | AG92: 0.095 | AH92: 0.091 | AI92: 0.084 | AJ92: 0.086 | AK92: 0.086 | AL92: 0.084 | AM92: 0.083 | AN92: 0.083 | AO92: 0.076 | AP92: 0.075 | AQ92: 0.044 | AR92: 0.004 | AS92: 0.019 | AT92: 0.054
B93: 예특2017-1 | C93: ='2'!D38 -> 44214 | D93: ='2'!E38 -> 월 | E93: ='2'!S38 -> 1.314 | F93: =E93-'2(t-1)'!S38 -> 0.005 | G93: ='2'!H38 -> 440000
B94: 예특2017-5 | C94: ='2'!D39 -> 44122 | D94: ='2'!E39 -> 일 | E94: ='2'!S39 -> 1.304 | F94: =E94-'2(t-1)'!S39 -> 0.005 | G94: ='2'!H39 -> 290000
B95: 예특2015-4 | C95: ='2'!D40 -> 43950 | D95: ='2'!E40 -> 수 | E95: ='2'!S40 -> 1.301 | F95: =E95-'2(t-1)'!S40 -> 0.004 | G95: ='2'!H40 -> 1000000
B96: 예특2015-3 | C96: ='2'!D41 -> 43908 | D96: ='2'!E41 -> 수 | E96: ='2'!S41 -> 1.311 | F96: =E96-'2(t-1)'!S41 -> 0.003 | G96: ='2'!H41 -> 1210000
B97: 예특2015-2 | C97: ='2'!D42 -> 43865 | D97: ='2'!E42 -> 화 | E97: ='2'!S42 -> 1.325 | F97: =E97-'2(t-1)'!S42 -> 0.002 | G97: ='2'!H42 -> 920000

Sheet 1
A1: 종목명 | B1: 발행일 | C1: 일 | D1: 만기일 | E1: 일 | F1: 잔존일 | G1: 발행액(백만) | H1: 상장잔액(백만) | I1: 이자유형 | J1: 주기 | K1: 표면금리 | L1: 주식옵션 | M1: 중도상환 | N1: ABS | O1: 보증유형 | P1: 상장여부 | Q1: 공사모 | R1: 순위 | S1: 민평3사 | T1: 시가 | U1: C.가격 | V1: 신용그룹 | W1: 신용그룹코드 | X1: PPC100 | Y1: 듀레이션 | Z1: 표준코드
A2: 국고01625-2206(19-3) | B2: 43626 | C2: 월 | D2: 44722 | E2: 금 | F2: 0002-09-12 | G2: 7990000 | H2: 7990000 | I2: 이표고정 | J2: 6 | K2: 1.625 | L2: - | M2: - | N2: X | O2: 무보증 | P2: 상장 | Q2: 공모직접 | R2: 선 | S2: 1.175 | T2: 10158.2 | U2: 10122.69 | V2: 국고채 | W2: 1010000 | X2: 2.7074 | Y2: 2.7215 | Z2: KR103501G968*058
A3: 국고02000-2112(18-9) | B3: 43444 | C3: 월 | D3: 44540 | E3: 금 | F3: 0002-03-11 | G3: 9943000 | H3: 9943000 | I3: 이표고정 | J3: 6 | K3: 2 | L3: - | M3: - | N3: X | O3: 무보증 | P3: 상장 | Q3: 공모직접 | R3: 선 | S3: 1.201 | T3: 10222.8 | U3: 10178.94 | V3: 국고채 | W3: 1010000 | X3: 2.2206 | Y3: 2.2337 | Z3: KR103501G8C1*058
A4: 국고02250-2106(18-3) | B4: 43261 | C4: 일 | D4: 44357 | E4: 목 | F4: 0001-09-12 | G4: 9469000 | H4: 9469000 | I4: 이표고정 | J4: 6 | K4: 2.25 | L4: - | M4: - | N4: X | O4: 무보증 | P4: 상장 | Q4: 공모직접 | R4: 선 | S4: 1.2 | T4: 10233.56 | U4: 10184.38 | V4: 국고채 | W4: 1010000 | X4: 1.7391 | Y4: 1.7481 | Z4: KR103501G869*058
A5: 국고01750-2012(17-6) | B5: 43079 | C5: 일 | D5: 44175 | E5: 목 | F5: 0001-03-11 | G5: 10705000 | H5: 10595000 | I5: 이표고정 | J5: 6 | K5: 1.75 | L5: - | M5: - | N5: X | O5: 무보증 | P5: 상장 | Q5: 공모직접 | R5: 선 | S5: 1.156 | T5: 10113.39 | U5: 10075.36 | V5: 국고채 | W5: 1010000 | X5: 1.262 | Y5: 1.2692 | Z5: KR103501G7C3*058
A6: 국고01750-2006(17-2) | B6: 42896 | C6: 토 | D6: 43992 | E6: 수 | F6: 0000-09-12 | G6: 9423000 | H6: 7539000 | I6: 이표고정 | J6: 6 | K6: 1.75 | L6: - | M6: - | N6: X | O6: 무보증 | P6: 상장 | Q6: 공모직접 | R6: 선 | S6: 1.135 | T6: 10085.86 | U6: 10048.39 | V6: 국고채 | W6: 1010000 | X6: 0.7734 | Y6: 0.777 | Z6: KR103501G760*058
A7: 국고01250-1912(16-7) | B7: 42714 | C7: 토 | D7: 43809 | E7: 화 | F7: 0000-03-11 | G7: 11710000 | H7: 6599000 | I7: 이표고정 | J7: 6 | K7: 1.25 | L7: - | M7: - | N7: X | O7: 무보증 | P7: 상장 | Q7: 공모직접 | R7: 선 | S7: 1.198 | T7: 10028.67 | U7: 10001.45 | V7: 국고채 | W7: 1010000 | X7: 0.2804 | Y7: 0.2814 | Z7: KR103501G6C5*058
A8: - | B8: - | D8: - | F8: - | G8: - | H8: - | I8: - | J8: - | K8: 1.5 | L8: - | M8: - | N8: X | O8: - | P8: 비상장 | Q8: - | R8: - | S8: - | T8: - | V8: - | W8: - | X8: - | Y8: - | Z8: -
A9: 국고01375-2409(19-5) | B9: 43718 | C9: 화 | D9: 45545 | E9: 화 | F9: 0005-00-12 | G9: 1234000 | H9: 1234000 | I9: 이표고정 | J9: 6 | K9: 1.375 | L9: - | M9: - | N9: X | O9: 무보증 | P9: 상장 | Q9: 공모직접 | R9: 선 | S9: 1.191 | T9: 10084.97 | U9: 10084.65 | V9: 국고채 | W9: 1010000 | X9: 4.8564 | Y9: 4.8827 | Z9: KR103501G992*058
A10: 국고01875-2403(19-1) | B10: 43534 | C10: 일 | D10: 45361 | E10: 일 | F10: 0004-06-10 | G10: 10675000 | H10: 10675000 | I10: 이표고정 | J10: 6 | K10: 1.875 | L10: - | M10: - | N10: X | O10: 무보증 | P10: 상장 | Q10: 공모직접 | R10: 선 | S10: 1.21 | T10: 10380.04 | U10: 10292.41 | V10: 국고채 | W10: 1010000 | X10: 4.3087 | Y10: 4.3302 | Z10: KR103501G935*058
A11: 국고02250-2309(18-6) | B11: 43353 | C11: 월 | D11: 45179 | E11: 일 | F11: 0004-00-12 | G11: 7342000 | H11: 7342000 | I11: 이표고정 | J11: 6 | K11: 2.25 | L11: - | M11: - | N11: X | O11: 무보증 | P11: 상장 | Q11: 공모직접 | R11: 선 | S11: 1.215 | T11: 10511.24 | U11: 10406.08 | V11: 국고채 | W11: 1010000 | X11: 3.8211 | Y11: 3.8427 | Z11: KR103501G893*058
A12: 국고02375-2303(18-1) | B12: 43169 | C12: 토 | D12: 44995 | E12: 금 | F12: 0003-06-10 | G12: 12566000 | H12: 12566000 | I12: 이표고정 | J12: 6 | K12: 2.375 | L12: - | M12: - | N12: X | O12: 무보증 | P12: 상장 | Q12: 공모직접 | R12: 선 | S12: 1.213 | T12: 10511.59 | U12: 10400.95 | V12: 국고채 | W12: 1010000 | X12: 3.3572 | Y12: 3.3727 | Z12: KR103501G836*058
A13: 국고02000-2209(17-4) | B13: 42988 | C13: 일 | D13: 44814 | E13: 토 | F13: 0003-00-12 | G13: 9626000 | H13: 9626000 | I13: 이표고정 | J13: 6 | K13: 2 | L13: - | M13: - | N13: X | O13: 무보증 | P13: 상장 | Q13: 공모직접 | R13: 선 | S13: 1.21 | T13: 10327.98 | U13: 10234.51 | V13: 국고채 | W13: 1010000 | X13: 2.9152 | Y13: 2.9321 | Z13: KR103501G794*058
A14: 국고01875-2203(16-10) | B14: 42804 | C14: 금 | D14: 44630 | E14: 목 | F14: 0002-06-10 | G14: 13790000 | H14: 13346000 | I14: 이표고정 | J14: 6 | K14: 1.875 | L14: - | M14: - | N14: X | O14: 무보증 | P14: 상장 | Q14: 공모직접 | R14: 선 | S14: 1.205 | T14: 10254.06 | U14: 10166.1 | V14: 국고채 | W14: 1010000 | X14: 2.4504 | Y14: 2.4608 | Z14: KR103501G737*058
A15: 국고01375-2109(16-4) | B15: 42623 | C15: 토 | D15: 44449 | E15: 금 | F15: 0002-00-12 | G15: 10077000 | H15: 9553000 | I15: 이표고정 | J15: 6 | K15: 1.375 | L15: - | M15: - | N15: X | O15: 무보증 | P15: 상장 | Q15: 공모직접 | R15: 선 | S15: 1.201 | T15: 10099 | U15: 10034.61 | V15: 국고채 | W15: 1010000 | X15: 1.9872 | Y15: 1.999 | Z15: KR103501G695*058
A16: 국고02000-2103(15-9) | B16: 42439 | C16: 목 | D16: 44265 | E16: 수 | F16: 0001-06-10 | G16: 14366000 | H16: 12879000 | I16: 이표고정 | J16: 6 | K16: 2 | L16: - | M16: - | N16: X | O16: 무보증 | P16: 상장 | Q16: 공모직접 | R16: 선 | S16: 1.16 | T16: 10220.58 | U16: 10127.21 | V16: 국고채 | W16: 1010000 | X16: 1.495 | Y16: 1.4996 | Z16: KR103501G638*058
A17: 국고02000-2009(15-4) | B17: 42257 | C17: 목 | D17: 44084 | E17: 목 | F17: 0001-00-12 | G17: 15238000 | H17: 12033000 | I17: 이표고정 | J17: 6 | K17: 2 | L17: - | M17: - | N17: X | O17: 무보증 | P17: 상장 | Q17: 공모직접 | R17: 선 | S17: 1.155 | T17: 10179.86 | U17: 10086.46 | V17: 국고채 | W17: 1010000 | X17: 1.0122 | Y17: 1.0181 | Z17: KR103501G596*058
A18: 국고02000-2003(15-1) | B18: 42073 | C18: 화 | D18: 43900 | E18: 화 | F18: 0000-06-10 | G18: 12584000 | H18: 7717000 | I18: 이표고정 | J18: 6 | K18: 2 | L18: - | M18: - | N18: X | O18: 무보증 | P18: 상장 | Q18: 공모직접 | R18: 선 | S18: 1.158 | T18: 10137.99 | U18: 10044.61 | V18: 국고채 | W18: 1010000 | X18: 0.5248 | Y18: 0.5251 | Z18: KR103501G539*058
A19: 국고02750-1909(14-4) | B19: 41892 | C19: 수 | D19: 43718 | E19: 화 | F19: 0000-00-12 | G19: 11564000 | H19: 8734000 | I19: 이표고정 | J19: 6 | K19: 2.75 | L19: - | M19: - | N19: X | O19: 무보증 | P19: 상장 | Q19: 공모직접 | R19: 선 | S19: 1.245 | T19: 10133.37 | U19: 10004.83 | V19: 국고채 | W19: 1010000 | X19: 0.0325 | Y19: 0.0327 | Z19: KR103501G497*058
A20: - | B20: - | D20: - | F20: - | G20: - | H20: - | I20: - | J20: - | K20: 3.125 | L20: - | M20: - | N20: X | O20: - | P20: 비상장 | Q20: - | R20: - | S20: - | T20: - | V20: - | W20: - | X20: - | Y20: - | Z20: -
A21: 국고01875-2906(19-4) | B21: 43626 | C21: 월 | D21: 47279 | E21: 일 | F21: 0009-09-12 | G21: 8343000 | H21: 8343000 | I21: 이표고정 | J21: 6 | K21: 1.875 | L21: - | M21: - | N21: X | O21: 무보증 | P21: 상장 | Q21: 공모직접 | R21: 선 | S21: 1.241 | T21: 10622.82 | U21: 10581.21 | V21: 국고채 | W21: 1010000 | X21: 8.937 | Y21: 8.9755 | Z21: KR103502G966*058
A22: 국고02375-2812(18-10) | B22: 43444 | C22: 월 | D22: 47097 | E22: 일 | F22: 0009-03-11 | G22: 11424000 | H22: 11424000 | I22: 이표고정 | J22: 6 | K22: 2.375 | L22: - | M22: - | N22: X | O22: 무보증 | P22: 상장 | Q22: 공모직접 | R22: 선 | S22: 1.25 | T22: 11034.74 | U22: 10982.83 | V22: 국고채 | W22: 1010000 | X22: 8.3577 | Y22: 8.3966 | Z22: KR103502G8C0*058
A23: 국고02625-2806(18-4) | B23: 43261 | C23: 일 | D23: 46914 | E23: 토 | F23: 0008-09-12 | G23: 11437000 | H23: 11437000 | I23: 이표고정 | J23: 6 | K23: 2.625 | L23: - | M23: - | N23: X | O23: 무보증 | P23: 상장 | Q23: 공모직접 | R23: 선 | S23: 1.25 | T23: 11197.39 | U23: 11140.02 | V23: 국고채 | W23: 1010000 | X23: 7.8795 | Y23: 7.9168 | Z23: KR103502G867*058
A24: 국고02375-2712(17-7) | B24: 43079 | C24: 일 | D24: 46731 | E24: 금 | F24: 0008-03-11 | G24: 11903000 | H24: 11903000 | I24: 이표고정 | J24: 6 | K24: 2.375 | L24: - | M24: - | N24: X | O24: 무보증 | P24: 상장 | Q24: 공모직접 | R24: 선 | S24: 1.246 | T24: 10937.22 | U24: 10884.77 | V24: 국고채 | W24: 1010000 | X24: 7.5315 | Y24: 7.568 | Z24: KR103502G7C2*058
A25: 국고02125-2706(17-3) | B25: 42896 | C25: 토 | D25: 46548 | E25: 목 | F25: 0007-09-12 | G25: 12572000 | H25: 12572000 | I25: 이표고정 | J25: 6 | K25: 2.125 | L25: - | M25: - | N25: X | O25: 무보증 | P25: 상장 | Q25: 공모직접 | R25: 선 | S25: 1.241 | T25: 10699.83 | U25: 10652.88 | V25: 국고채 | W25: 1010000 | X25: 7.169 | Y25: 7.2039 | Z25: KR103502G768*058
A26: 국고01500-2612(16-8) | B26: 42714 | C26: 토 | D26: 46366 | E26: 목 | F26: 0007-03-11 | G26: 13063000 | H26: 13063000 | I26: 이표고정 | J26: 6 | K26: 1.5 | L26: - | M26: - | N26: X | O26: 무보증 | P26: 상장 | Q26: 공모직접 | R26: 선 | S26: 1.237 | T26: 10215.03 | U26: 10180.38 | V26: 국고채 | W26: 1010000 | X26: 6.8727 | Y26: 6.908 | Z26: KR103502G6C4*058
A27: 국고01875-2606(16-3) | B27: 42531 | C27: 금 | D27: 46183 | E27: 수 | F27: 0006-09-12 | G27: 12250000 | H27: 12212000 | I27: 이표고정 | J27: 6 | K27: 1.875 | L27: - | M27: - | N27: X | O27: 무보증 | P27: 상장 | Q27: 공모직접 | R27: 선 | S27: 1.235 | T27: 10455.52 | U27: 10411.67 | V27: 국고채 | W27: 1010000 | X27: 6.3519 | Y27: 6.3841 | Z27: KR103502G669*058
A28: 국고02250-2512(15-8) | B28: 42348 | C28: 목 | D28: 46001 | E28: 수 | F28: 0006-03-11 | G28: 13030012 | H28: 12790012 | I28: 이표고정 | J28: 6 | K28: 2.25 | L28: - | M28: - | N28: X | O28: 무보증 | P28: 상장 | Q28: 공모직접 | R28: 선 | S28: 1.229 | T28: 10664.42 | U28: 10614.62 | V28: 국고채 | W28: 1010000 | X28: 5.8498 | Y28: 5.8811 | Z28: KR103502G5C6*058
A29: 국고02250-2506(15-2) | B29: 42165 | C29: 수 | D29: 45818 | E29: 화 | F29: 0005-09-12 | G29: 15232000 | H29: 15028000 | I29: 이표고정 | J29: 6 | K29: 2.25 | L29: - | M29: - | N29: X | O29: 무보증 | P29: 상장 | Q29: 공모직접 | R29: 선 | S29: 1.224 | T29: 10619.65 | U29: 10569.13 | V29: 국고채 | W29: 1010000 | X29: 5.4113 | Y29: 5.4394 | Z29: KR103501G562*058
A30: 국고03000-2409(14-5) | B30: 41892 | C30: 수 | D30: 45545 | E30: 화 | F30: 0005-00-12 | G30: 16621030 | H30: 16366030 | I30: 이표고정 | J30: 6 | K30: 3 | L30: - | M30: - | N30: X | O30: 무보증 | P30: 상장 | Q30: 공모직접 | R30: 선 | S30: 1.222 | T30: 11005.28 | U30: 10865.24 | V30: 국고채 | W30: 1010000 | X30: 4.639 | Y30: 4.6647 | Z30: KR103502G495*058
A31: 국고03500-2403(14-2) | B31: 41708 | C31: 월 | D31: 45361 | E31: 일 | F31: 0004-06-10 | G31: 13194001 | H31: 13194001 | I31: 이표고정 | J31: 6 | K31: 3.5 | L31: - | M31: - | N31: X | O31: 무보증 | P31: 상장 | Q31: 공모직접 | R31: 선 | S31: 1.222 | T31: 11164.86 | U31: 11000.04 | V31: 국고채 | W31: 1010000 | X31: 4.1623 | Y31: 4.1833 | Z31: KR103502G438*058
A32: 국고03375-2309(13-6) | B32: 41527 | C32: 화 | D32: 45179 | E32: 일 | F32: 0004-00-12 | G32: 12430026 | H32: 12430026 | I32: 이표고정 | J32: 6 | K32: 3.375 | L32: - | M32: - | N32: X | O32: 무보증 | P32: 상장 | Q32: 공모직접 | R32: 선 | S32: 1.215 | T32: 11004.96 | U32: 10847.5 | V32: 국고채 | W32: 1010000 | X32: 3.7394 | Y32: 3.7605 | Z32: KR103502G396*058
... A105: 통안DC019-0903-0910 | B105: 43620 | C105: 화 | D105: 43711 | E105: 화 | F105: 0000-00-05 | G105: 800000 | H105: 800000 | I105: 할인 | J105: 12 | K105: 1.614 | L105: - | M105: - | N105: X | O105: 무보증 | P105: 상장 | Q105: 공모직접 | R105: 선 | S105: 1.275 | T105: 9998.25 | U105: 9998.24 | V105: 통안채 | W105: 4000000 | X105: 0.0136 | Y105: 0.0136 | Z105: KR310102A967*058

Sheet 1(t-1)
A1: 종목명 | B1: 발행일 | C1: 일 | D1: 만기일 | E1: 일 | F1: 잔존일 | G1: 발행액(백만) | H1: 상장잔액(백만) | I1: 이자유형 | J1: 주기 | K1: 표면금리 | L1: 주식옵션 | M1: 중도상환 | N1: ABS | O1: 보증유형 | P1: 상장여부 | Q1: 공사모 | R1: 순위 | S1: 민평3사 | T1: 시가 | U1: C.가격 | V1: 신용그룹 | W1: 신용그룹코드 | X1: PPC100 | Y1: 듀레이션 | Z1: 표준코드
A2: 국고01625-2206(19-3) | B2: 43626 | C2: 월 | D2: 44722 | E2: 금 | F2: 0002-09-13 | G2: 7990000 | H2: 7990000 | I2: 이표고정 | J2: 6 | K2: 1.625 | L2: - | M2: - | N2: X | O2: 무보증 | P2: 상장 | Q2: 공모직접 | R2: 선 | S2: 1.177 | T2: 10157.32 | U2: 10122.25 | V2: 국고채 | W2: 1010000 | X2: 2.7101 | Y2: 2.7242 | Z2: KR103501G968*058
A3: 국고02000-2112(18-9) | B3: 43444 | C3: 월 | D3: 44540 | E3: 금 | F3: 0002-03-12 | G3: 9943000 | H3: 9943000 | I3: 이표고정 | J3: 6 | K3: 2 | L3: - | M3: - | N3: X | O3: 무보증 | P3: 상장 | Q3: 공모직접 | R3: 선 | S3: 1.205 | T3: 10221.63 | U3: 10178.47 | V3: 국고채 | W3: 1010000 | X3: 2.2233 | Y3: 2.2364 | Z3: KR103501G8C1*058
A4: 국고02250-2106(18-3) | B4: 43261 | C4: 일 | D4: 44357 | E4: 목 | F4: 0001-09-13 | G4: 9469000 | H4: 9469000 | I4: 이표고정 | J4: 6 | K4: 2.25 | L4: - | M4: - | N4: X | O4: 무보증 | P4: 상장 | Q4: 공모직접 | R4: 선 | S4: 1.204 | T4: 10232.51 | U4: 10183.78 | V4: 국고채 | W4: 1010000 | X4: 1.7418 | Y4: 1.7508 | Z4: KR103501G869*058
A5: 국고01750-2012(17-6) | B5: 43079 | C5: 일 | D5: 44175 | E5: 목 | F5: 0001-03-12 | G5: 10705000 | H5: 10595000 | I5: 이표고정 | J5: 6 | K5: 1.75 | L5: - | M5: - | N5: X | O5: 무보증 | P5: 상장 | Q5: 공모직접 | R5: 선 | S5: 1.151 | T5: 10113.71 | U5: 10076.16 | V5: 국고채 | W5: 1010000 | X5: 1.2647 | Y5: 1.272 | Z5: KR103501G7C3*058
A6: 국고01750-2006(17-2) | B6: 42896 | C6: 토 | D6: 43992 | E6: 수 | F6: 0000-09-13 | G6: 9423000 | H6: 7539000 | I6: 이표고정 | J6: 6 | K6: 1.75 | L6: - | M6: - | N6: X | O6: 무보증 | P6: 상장 | Q6: 공모직접 | R6: 선 | S6: 1.125 | T6: 10086.33 | U6: 10049.34 | V6: 국고채 | W6: 1010000 | X6: 0.7761 | Y6: 0.7798 | Z6: KR103501G760*058
A7: 국고01250-1912(16-7) | B7: 42714 | C7: 토 | D7: 43809 | E7: 화 | F7: 0000-03-12 | G7: 11710000 | H7: 6599000 | I7: 이표고정 | J7: 6 | K7: 1.25 | L7: - | M7: - | N7: X | O7: 무보증 | P7: 상장 | Q7: 공모직접 | R7: 선 | S7: 1.206 | T7: 10028.11 | U7: 10001.32 | V7: 국고채 | W7: 1010000 | X7: 0.2831 | Y7: 0.2841 | Z7: KR103501G6C5*058
A8: - | B8: - | D8: - | F8: - | G8: - | H8: - | I8: - | J8: - | K8: 1.5 | L8: - | M8: - | N8: X | O8: - | P8: 비상장 | Q8: - | R8: - | S8: - | T8: - | V8: - | W8: - | X8: - | Y8: - | Z8: -
A9: 국고01375-2409(19-5) | B9: 43718 | C9: 화 | D9: 45545 | E9: 화 | F9: 0005-00-13 | G9: 1234000 | H9: 1234000 | I9: 이표고정 | J9: 6 | K9: 1.375 | L9: - | M9: - | N9: X | O9: 무보증 | P9: 상장 | Q9: 공모직접 | R9: 선 | S9: 1.191 | T9: 10084.64 | U9: 10084.32 | V9: 국고채 | W9: 1010000 | X9: 4.8591 | Y9: 4.8854 | Z9: KR103501G992*058
A10: 국고01875-2403(19-1) | B10: 43534 | C10: 일 | D10: 45361 | E10: 일 | F10: 0004-06-11 | G10: 10675000 | H10: 10675000 | I10: 이표고정 | J10: 6 | K10: 1.875 | L10: - | M10: - | N10: X | O10: 무보증 | P10: 상장 | Q10: 공모직접 | R10: 선 | S10: 1.21 | T10: 10379.7 | U10: 10292.58 | V10: 국고채 | W10: 1010000 | X10: 4.3114 | Y10: 4.3329 | Z10: KR103501G935*058
A11: 국고02250-2309(18-6) | B11: 43353 | C11: 월 | D11: 45179 | E11: 일 | F11: 0004-00-13 | G11: 7342000 | H11: 7342000 | I11: 이표고정 | J11: 6 | K11: 2.25 | L11: - | M11: - | N11: X | O11: 무보증 | P11: 상장 | Q11: 공모직접 | R11: 선 | S11: 1.217 | T11: 10510.09 | U11: 10405.54 | V11: 국고채 | W11: 1010000 | X11: 3.8237 | Y11: 3.8454 | Z11: KR103501G893*058
A12: 국고02375-2303(18-1) | B12: 43169 | C12: 토 | D12: 44995 | E12: 금 | F12: 0003-06-10 | G12: 12566000 | H12: 12566000 | I12: 이표고정 | J12: 6 | K12: 2.375 | L12: - | M12: - | N12: X | O12: 무보증 | P12: 상장 | Q12: 공모직접 | R12: 선 | S12: 1.216 | T12: 10510.07 | U12: 10400.19 | V12: 국고채 | W12: 1010000 | X12: 3.3598 | Y12: 3.3754 | Z12: KR103501G836*058
A13: 국고02000-2209(17-4) | B13: 42988 | C13: 일 | D13: 44814 | E13: 토 | F13: 0003-00-13 | G13: 9626000 | H13: 9626000 | I13: 이표고정 | J13: 6 | K13: 2 | L13: - | M13: - | N13: X | O13: 무보증 | P13: 상장 | Q13: 공모직접 | R13: 선 | S13: 1.214 | T13: 10326.44 | U13: 10233.21 | V13: 국고채 | W13: 1010000 | X13: 2.9178 | Y13: 2.9348 | Z13: KR103501G794*058
A14: 국고01875-2203(16-10) | B14: 42804 | C14: 금 | D14: 44630 | E14: 목 | F14: 0002-06-10 | G14: 13790000 | H14: 13346000 | I14: 이표고정 | J14: 6 | K14: 1.875 | L14: - | M14: - | N14: X | O14: 무보증 | P14: 상장 | Q14: 공모직접 | R14: 선 | S14: 1.21 | T14: 10252.64 | U14: 10165.52 | V14: 국고채 | W14: 1010000 | X14: 2.4531 | Y14: 2.4636 | Z14: KR103501G737*058
A15: 국고01375-2109(16-4) | B15: 42623 | C15: 토 | D15: 44449 | E15: 금 | F15: 0002-00-13 | G15: 10077000 | H15: 9553000 | I15: 이표고정 | J15: 6 | K15: 1.375 | L15: - | M15: - | N15: X | O15: 무보증 | P15: 상장 | Q15: 공모직접 | R15: 선 | S15: 1.205 | T15: 10097.94 | U15: 10034.05 | V15: 국고채 | W15: 1010000 | X15: 1.9899 | Y15: 2.0017 | Z15: KR103501G695*058
A16: 국고02000-2103(15-9) | B16: 42439 | C16: 목 | D16: 44265 | E16: 수 | F16: 0001-06-10 | G16: 14366000 | H16: 12879000 | I16: 이표고정 | J16: 6 | K16: 2 | L16: - | M16: - | N16: X | O16: 무보증 | P16: 상장 | Q16: 공모직접 | R16: 선 | S16: 1.159 | T16: 10220.51 | U16: 10127.43 | V16: 국고채 | W16: 1010000 | X16: 1.4977 | Y16: 1.5023 | Z16: KR103501G638*058
A17: 국고02000-2009(15-4) | B17: 42257 | C17: 목 | D17: 44084 | E17: 목 | F17: 0001-00-13 | G17: 15238000 | H17: 12033000 | I17: 이표고정 | J17: 6 | K17: 2 | L17: - | M17: - | N17: X | O17: 무보증 | P17: 상장 | Q17: 공모직접 | R17: 선 | S17: 1.149 | T17: 10180.16 | U17: 10087.2 | V17: 국고채 | W17: 1010000 | X17: 1.015 | Y17: 1.0208 | Z17: KR103501G596*058
A18: 국고02000-2003(15-1) | B18: 42073 | C18: 화 | D18: 43900 | E18: 화 | F18: 0000-06-11 | G18: 12584000 | H18: 7717000 | I18: 이표고정 | J18: 6 | K18: 2 | L18: - | M18: - | N18: X | O18: 무보증 | P18: 상장 | Q18: 공모직접 | R18: 선 | S18: 1.158 | T18: 10137.67 | U18: 10044.83 | V18: 국고채 | W18: 1010000 | X18: 0.5275 | Y18: 0.5278 | Z18: KR103501G539*058
A19: 국고02750-1909(14-4) | B19: 41892 | C19: 수 | D19: 43718 | E19: 화 | F19: 0000-00-13 | G19: 11564000 | H19: 8734000 | I19: 이표고정 | J19: 6 | K19: 2.75 | L19: - | M19: - | N19: X | O19: 무보증 | P19: 상장 | Q19: 공모직접 | R19: 선 | S19: 1.249 | T19: 10133.02 | U19: 10005.24 | V19: 국고채 | W19: 1010000 | X19: 0.0353 | Y19: 0.0355 | Z19: KR103501G497*058
A20: - | B20: - | D20: - | F20: - | G20: - | H20: - | I20: - | J20: - | K20: 3.125 | L20: - | M20: - | N20: X | O20: - | P20: 비상장 | Q20: - | R20: - | S20: - | T20: - | V20: - | W20: - | X20: - | Y20: - | Z20: -
A21: 국고01875-2906(19-4) | B21: 43626 | C21: 월 | D21: 47279 | E21: 일 | F21: 0009-09-13 | G21: 8343000 | H21: 8343000 | I21: 이표고정 | J21: 6 | K21: 1.875 | L21: - | M21: - | N21: X | O21: 무보증 | P21: 상장 | Q21: 공모직접 | R21: 선 | S21: 1.25 | T21: 10614.25 | U21: 10573.78 | V21: 국고채 | W21: 1010000 | X21: 8.9389 | Y21: 8.9779 | Z21: KR103502G966*058
A22: 국고02375-2812(18-10) | B22: 43444 | C22: 월 | D22: 47097 | E22: 일 | F22: 0009-03-12 | G22: 11424000 | H22: 11424000 | I22: 이표고정 | J22: 6 | K22: 2.375 | L22: - | M22: - | N22: X | O22: 무보증 | P22: 상장 | Q22: 공모직접 | R22: 선 | S22: 1.26 | T22: 11025.15 | U22: 10973.89 | V22: 국고채 | W22: 1010000 | X22: 8.3595 | Y22: 8.3989 | Z22: KR103502G8C0*058
A23: 국고02625-2806(18-4) | B23: 43261 | C23: 일 | D23: 46914 | E23: 토 | F23: 0008-09-13 | G23: 11437000 | H23: 11437000 | I23: 이표고정 | J23: 6 | K23: 2.625 | L23: - | M23: - | N23: X | O23: 무보증 | P23: 상장 | Q23: 공모직접 | R23: 선 | S23: 1.26 | T23: 11188.2 | U23: 11131.55 | V23: 국고채 | W23: 1010000 | X23: 7.8814 | Y23: 7.9191 | Z23: KR103502G867*058
A24: 국고02375-2712(17-7) | B24: 43079 | C24: 일 | D24: 46731 | E24: 금 | F24: 0008-03-12 | G24: 11903000 | H24: 11903000 | I24: 이표고정 | J24: 6 | K24: 2.375 | L24: - | M24: - | N24: X | O24: 무보증 | P24: 상장 | Q24: 공모직접 | R24: 선 | S24: 1.256 | T24: 10928.62 | U24: 10876.82 | V24: 국고채 | W24: 1010000 | X24: 7.5335 | Y24: 7.5704 | Z24: KR103502G7C2*058
A25: 국고02125-2706(17-3) | B25: 42896 | C25: 토 | D25: 46548 | E25: 목 | F25: 0007-09-13 | G25: 12572000 | H25: 12572000 | I25: 이표고정 | J25: 6 | K25: 2.125 | L25: - | M25: - | N25: X | O25: 무보증 | P25: 상장 | Q25: 공모직접 | R25: 선 | S25: 1.249 | T25: 10693.08 | U25: 10649.27 | V25: 국고채 | W25: 1010000 | X25: 7.1712 | Y25: 7.2064 | Z25: KR103502G768*058
A26: 국고01500-2612(16-8) | B26: 42714 | C26: 토 | D26: 46366 | E26: 목 | F26: 0007-03-12 | G26: 13063000 | H26: 13063000 | I26: 이표고정 | J26: 6 | K26: 1.5 | L26: - | M26: - | N26: X | O26: 무보증 | P26: 상장 | Q26: 공모직접 | R26: 선 | S26: 1.244 | T26: 10209.54 | U26: 10176.94 | V26: 국고채 | W26: 1010000 | X26: 6.875 | Y26: 6.9106 | Z26: KR103502G6C4*058
A27: 국고01875-2606(16-3) | B27: 42531 | C27: 금 | D27: 46183 | E27: 수 | F27: 0006-09-13 | G27: 12250000 | H27: 12212000 | I27: 이표고정 | J27: 6 | K27: 1.875 | L27: - | M27: - | N27: X | O27: 무보증 | P27: 상장 | Q27: 공모직접 | R27: 선 | S27: 1.243 | T27: 10450.08 | U27: 10408.51 | V27: 국고채 | W27: 1010000 | X27: 6.3543 | Y27: 6.3867 | Z27: KR103502G669*058
A28: 국고02250-2512(15-8) | B28: 42348 | C28: 목 | D28: 46001 | E28: 수 | F28: 0006-03-12 | G28: 13030012 | H28: 12790012 | I28: 이표고정 | J28: 6 | K28: 2.25 | L28: - | M28: - | N28: X | O28: 무보증 | P28: 상장 | Q28: 공모직접 | R28: 선 | S28: 1.235 | T28: 10659.91 | U28: 10611.77 | V28: 국고채 | W28: 1010000 | X28: 5.8523 | Y28: 5.8838 | Z28: KR103502G5C6*058
A29: 국고02250-2506(15-2) | B29: 42165 | C29: 수 | D29: 45818 | E29: 화 | F29: 0005-09-13 | G29: 15232000 | H29: 15028000 | I29: 이표고정 | J29: 6 | K29: 2.25 | L29: - | M29: - | N29: X | O29: 무보증 | P29: 상장 | Q29: 공모직접 | R29: 선 | S29: 1.23 | T29: 10615.84 | U29: 10567.67 | V29: 국고채 | W29: 1010000 | X29: 5.4138 | Y29: 5.4421 | Z29: KR103501G562*058
A30: 국고03000-2409(14-5) | B30: 41892 | C30: 수 | D30: 45545 | E30: 화 | F30: 0005-00-13 | G30: 16621030 | H30: 16366030 | I30: 이표고정 | J30: 6 | K30: 3 | L30: - | M30: - | N30: X | O30: 무보증 | P30: 상장 | Q30: 공모직접 | R30: 선 | S30: 1.225 | T30: 11003.21 | U30: 10866.71 | V30: 국고채 | W30: 1010000 | X30: 4.6416 | Y30: 4.6674 | Z30: KR103502G495*058
A31: 국고03500-2403(14-2) | B31: 41708 | C31: 월 | D31: 45361 | E31: 일 | F31: 0004-06-11 | G31: 13194001 | H31: 13194001 | I31: 이표고정 | J31: 6 | K31: 3.5 | L31: - | M31: - | N31: X | O31: 무보증 | P31: 상장 | Q31: 공모직접 | R31: 선 | S31: 1.225 | T31: 11163.25 | U31: 11000.62 | V31: 국고채 | W31: 1010000 | X31: 4.1649 | Y31: 4.186 | Z31: KR103502G438*058
A32: 국고03375-2309(13-6) | B32: 41527 | C32: 화 | D32: 45179 | E32: 일 | F32: 0004-00-13 | G32: 12430026 | H32: 12430026 | I32: 이표고정 | J32: 6 | K32: 3.375 | L32: - | M32: - | N32: X | O32: 무보증 | P32: 상장 | Q32: 공모직접 | R32: 선 | S32: 1.218 | T32: 11003.63 | U32: 10847.23 | V32: 국고채 | W32: 1010000 | X32: 3.742 | Y32: 3.7632 | Z32: KR103502G396*058
... A105: 통안DC019-0903-0910 | B105: 43620 | C105: 화 | D105: 43711 | E105: 화 | F105: 0000-00-06 | G105: 800000 | H105: 800000 | I105: 할인 | J105: 12 | K105: 1.614 | L105: - | M105: - | N105: X | O105: 무보증 | P105: 상장 | Q105: 공모직접 | R105: 선 | S105: 1.275 | T105: 9997.9 | U105: 9997.89 | V105: 통안채 | W105: 4000000 | X105: 0.0164 | Y105: 0.0163 | Z105: KR310102A967*058

Sheet 2
A1: 종목명 | B1: 발행일 | C1: 일 | D1: 만기일 | E1: 일 | F1: 잔존일 | G1: 발행액(백만) | H1: 상장잔액(백만) | I1: 이자유형 | J1: 주기 | K1: 표면금리 | L1: 주식옵션 | M1: 중도상환 | N1: ABS | O1: 보증유형 | P1: 상장여부 | Q1: 공사모 | R1: 순위 | S1: 민평3사 | T1: 시가 | U1: C.가격 | V1: 신용그룹 | W1: 신용그룹코드 | X1: PPC100 | Y1: 듀레이션 | Z1: 표준코드
A2: 국민주택1종19-08-2 | B2: 43708 | C2: 토 | D2: 45535 | E2: 토 | F2: 0005-00-02 | G2: 1008781 | H2: 1008781 | I2: 복리 | J2: 12 | K2: 1 | L2: - | M2: - | N2: X | O2: 무보증 | P2: 상장 | Q2: 공모직접 | R2: 선 | S2: 1.275 | T2: 9864.18 | U2: 9864.18 | V2: 국민주택 1종 | W2: 1020000 | X2: 4.9459 | Y2: 5.0054 | Z2: KR101502D981*058
A3: 국민주택1종19-08 | B3: 43708 | C3: 토 | D3: 45535 | E3: 토 | F3: 0005-00-02 | G3: 493819 | H3: 493819 | I3: 복리 | J3: 12 | K3: 1.25 | L3: - | M3: - | N3: X | O3: 무보증 | P3: 상장 | Q3: 공모직접 | R3: 선 | S3: 1.275 | T3: 9986.19 | U3: 9986.19 | V3: 국민주택 1종 | W3: 1020000 | X3: 4.9459 | Y3: 5.0054 | Z3: KR101501D983*058
A4: 국민주택1종19-07-2 | B4: 43677 | C4: 수 | D4: 45504 | E4: 수 | F4: 0004-11-02 | G4: 430893 | H4: 430790 | I4: 복리 | J4: 12 | K4: 1.25 | L4: - | M4: - | N4: X | O4: 무보증 | P4: 상장 | Q4: 공모직접 | R4: 선 | S4: 1.275 | T4: 9996.7 | U4: 9987.02 | V4: 국민주택 1종 | W4: 1020000 | X4: 4.8629 | Y4: 4.9207 | Z4: KR101502D973*058
A5: 국민주택1종19-07 | B5: 43677 | C5: 수 | D5: 45504 | E5: 수 | F5: 0004-11-02 | G5: 1037399 | H5: 1036789 | I5: 복리 | J5: 12 | K5: 1.5 | L5: - | M5: - | N5: X | O5: 무보증 | P5: 상장 | Q5: 공모직접 | R5: 선 | S5: 1.275 | T5: 10120.71 | U5: 10109.08 | V5: 국민주택 1종 | W5: 1020000 | X5: 4.8629 | Y5: 4.9207 | Z5: KR101501D975*058
A6: 국민주택1종19-06-2 | B6: 43646 | C6: 일 | D6: 45473 | E6: 일 | F6: 0004-10-01 | G6: 1063638 | H6: 1062981 | I6: 복리 | J6: 12 | K6: 1.5 | L6: - | M6: - | N6: X | O6: 무보증 | P6: 상장 | Q6: 공모직접 | R6: 선 | S6: 1.273 | T6: 10132.66 | U6: 10108.23 | V6: 국민주택 1종 | W6: 1020000 | X6: 4.78 | Y6: 4.836 | Z6: KR101502D965*058
A7: 국민주택1종19-06 | B7: 43646 | C7: 일 | D7: 45473 | E7: 일 | F7: 0004-10-01 | G7: 79026 | H7: 78726 | I7: 복리 | J7: 12 | K7: 1.75 | L7: - | M7: - | N7: X | O7: 무보증 | P7: 상장 | Q7: 공모직접 | R7: 선 | S7: 1.273 | T7: 10258.71 | U7: 10230.23 | V7: 국민주택 1종 | W7: 1020000 | X7: 4.78 | Y7: 4.836 | Z7: KR101501D967*058
A8: 국민주택1종19-05 | B8: 43616 | C8: 금 | D8: 45443 | E8: 금 | F8: 0004-09-02 | G8: 1323766 | H8: 1322205 | I8: 복리 | J8: 12 | K8: 1.75 | L8: - | M8: - | N8: X | O8: 무보증 | P8: 상장 | Q8: 공모직접 | R8: 선 | S8: 1.272 | T8: 10269.63 | U8: 10227.05 | V8: 국민주택 1종 | W8: 1020000 | X8: 4.6996 | Y8: 4.754 | Z8: KR101501D959*058
A9: 경기지역개발19-08 | B9: 43708 | C9: 토 | D9: 45535 | E9: 토 | F9: 0005-00-02 | G9: 25635 | H9: 25635 | I9: 복리 | J9: 12 | K9: 1.25 | L9: - | M9: - | N9: X | O9: 무보증 | P9: 상장 | Q9: 공모직접 | R9: 선 | S9: 1.324 | T9: 9962.13 | U9: 9961.55 | V9: 경기지방채 | W9: 2045000 | X9: 4.9435 | Y9: 5.0054 | Z9: KR2044012988*058
A10: 경기지역개발19-07 | B10: 43677 | C10: 수 | D10: 45504 | E10: 수 | F10: 0004-11-02 | G10: 29005 | H10: 29005 | I10: 복리 | J10: 12 | K10: 1.25 | L10: - | M10: - | N10: X | O10: 무보증 | P10: 상장 | Q10: 공모직접 | R10: 선 | S10: 1.323 | T10: 9973.5 | U10: 9962.76 | V10: 경기지방채 | W10: 2045000 | X10: 4.8606 | Y10: 4.9207 | Z10: KR2044012970*058
A11: 경기지역개발19-06 | B11: 43646 | C11: 일 | D11: 45473 | E11: 일 | F11: 0004-10-01 | G11: 24093 | H11: 24093 | I11: 복리 | J11: 12 | K11: 1.25 | L11: - | M11: - | N11: X | O11: 무보증 | P11: 상장 | Q11: 공모직접 | R11: 선 | S11: 1.322 | T11: 9985.2 | U11: 9964.25 | V11: 경기지방채 | W11: 2045000 | X11: 4.7777 | Y11: 4.836 | Z11: KR2044012962*058
A12: 예보상환기금채2018-2 | B12: 43322 | C12: 금 | D12: 44418 | E12: 화 | F12: 0001-11-12 | G12: 800000 | H12: 800000 | I12: 이표고정 | J12: 6 | K12: 2.15 | L12: - | M12: - | N12: X | O12: 정부보증 | P12: 상장 | Q12: 공모직접 | R12: 선 | S12: 1.312 | T12: 10171.66 | U12: 10162.18 | V12: 정부보증채 | W12: 3030000 | X12: 1.905 | Y12: 1.9166 | Z12: KR352601G881*058
A13: 예보상환기금채2018-1 | B13: 43131 | C13: 수 | D13: 44227 | E13: 일 | F13: 0001-05-02 | G13: 680000 | H13: 680000 | I13: 이표고정 | J13: 6 | K13: 2.52 | L13: - | M13: - | N13: X | O13: 정부보증 | P13: 상장 | Q13: 공모직접 | R13: 선 | S13: 1.284 | T13: 10193.19 | U13: 10174.29 | V13: 정부보증채 | W13: 3030000 | X13: 1.3943 | Y13: 1.4061 | Z13: KR352601G816*058
... A15: 예보상환기금채2015-1 | B15: 42333 | C15: 수 | D15: 44160 | E15: 수 | F15: 0001-02-27 | G15: 880000 | H15: 880000 | I15: 이표고정 | J15: 6 | K15: 2.12 | L15: - | M15: - | N15: X | O15: 정부보증 | P15: 상장 | Q15: 공모직접 | R15: 선 | S15: 1.274 | T15: 10158.76 | U15: 10104.29 | V15: 정부보증채 | W15: 3030000 | X15: 1.2166 | Y15: 1.2254 | Z15: KR352601G5B1*058
A16: - | B16: - | D16: - | F16: - | G16: - | H16: - | I16: - | J16: - | K16: 1.34 | L16: - | M16: - | N16: X | O16: - | P16: 비상장 | Q16: - | R16: - | S16: - | T16: - | V16: - | W16: - | X16: - | Y16: - | Z16: -
A17: - | B17: - | D17: - | F17: - | G17: - | H17: - | I17: - | J17: - | K17: 1.61 | L17: - | M17: - | N17: X | O17: - | P17: 비상장 | Q17: - | R17: - | S17: - | T17: - | V17: - | W17: - | X17: - | Y17: - | Z17: -
A18: - | B18: - | D18: - | F18: - | G18: - | H18: - | I18: - | J18: - | K18: 2.84 | L18: - | M18: - | N18: X | O18: - | P18: 비상장 | Q18: - | R18: - | S18: - | T18: - | V18: - | W18: - | X18: - | Y18: - | Z18: -
A19: - | B19: - | D19: - | F19: - | G19: - | H19: - | I19: - | J19: - | K19: 2.98 | L19: - | M19: - | N19: X | O19: - | P19: 비상장 | Q19: - | R19: - | S19: - | T19: - | V19: - | W19: - | X19: - | Y19: - | Z19: -
A20: - | B20: - | D20: - | F20: - | G20: - | H20: - | I20: - | J20: - | K20: 2.98 | L20: - | M20: - | N20: X | O20: - | P20: 비상장 | Q20: - | R20: - | S20: - | T20: - | V20: - | W20: - | X20: - | Y20: - | Z20: -
A21: - | B21: - | D21: - | F21: - | G21: - | H21: - | I21: - | J21: - | K21: 3.12 | L21: - | M21: - | N21: X | O21: - | P21: 비상장 | Q21: - | R21: - | S21: - | T21: - | V21: - | W21: - | X21: - | Y21: - | Z21: -
A22: - | B22: - | D22: - | F22: - | G22: - | H22: - | I22: - | J22: - | K22: 2.74 | L22: - | M22: - | N22: X | O22: - | P22: 비상장 | Q22: - | R22: - | S22: - | T22: - | V22: - | W22: - | X22: - | Y22: - | Z22: -
A23: - | B23: - | D23: - | F23: - | G23: - | H23: - | I23: - | J23: - | K23: 3.67 | L23: - | M23: - | N23: X | O23: - | P23: 비상장 | Q23: - | R23: - | S23: - | T23: - | V23: - | W23: - | X23: - | Y23: - | Z23: -
A24: - | B24: - | D24: - | F24: - | G24: - | H24: - | I24: - | J24: - | K24: 3.04 | L24: - | M24: - | N24: X | O24: - | P24: 비상장 | Q24: - | R24: - | S24: - | T24: - | V24: - | W24: - | X24: - | Y24: - | Z24: -
A25: - | B25: - | D25: - | F25: - | G25: - | H25: - | I25: - | J25: - | K25: 3.07 | L25: - | M25: - | N25: X | O25: - | P25: 비상장 | Q25: - | R25: - | S25: - | T25: - | V25: - | W25: - | X25: - | Y25: - | Z25: -
A26: - | B26: - | D26: - | F26: - | G26: - | H26: - | I26: - | J26: - | K26: 4.14 | L26: - | M26: - | N26: X | O26: - | P26: 비상장 | Q26: - | R26: - | S26: - | T26: - | V26: - | W26: - | X26: - | Y26: - | Z26: -
A27: - | B27: - | D27: - | F27: - | G27: - | H27: - | I27: - | J27: - | K27: 3.88 | L27: - | M27: - | N27: X | O27: - | P27: 비상장 | Q27: - | R27: - | S27: - | T27: - | V27: - | W27: - | X27: - | Y27: - | Z27: -
A28: 예보기금특별계정채권2019-2 | B28: 43542 | C28: 월 | D28: 45369 | E28: 월 | F28: 0004-06-18 | G28: 360000 | H28: 360000 | I28: 이표고정 | J28: 6 | K28: 1.97 | L28: - | M28: - | N28: X | O28: 무보증 | P28: 상장 | Q28: 공모직접 | R28: 선 | S28: 1.33 | T28: 10369.5 | U28: 10282.76 | V28: 정부보증채 | W28: 3030000 | X28: 4.318 | Y28: 4.3421 | Z28: KR352601G931*058
A29: 예보기금특별계정채권2019-1 | B29: 43479 | C29: 월 | D29: 45305 | E29: 일 | F29: 0004-04-16 | G29: 580000 | H29: 580000 | I29: 이표고정 | J29: 6 | K29: 1.98 | L29: - | M29: - | N29: X | O29: 무보증 | P29: 상장 | Q29: 공모직접 | R29: 선 | S29: 1.33 | T29: 10299.86 | U29: 10276.12 | V29: 정부보증채 | W29: 3030000 | X29: 4.18 | Y29: 4.2074 | Z29: KR352601G915*058
A30: 예보기금특별계정채권2018-1 | B30: 43145 | C30: 수 | D30: 44971 | E30: 화 | F30: 0003-05-16 | G30: 320000 | H30: 320000 | I30: 이표고정 | J30: 6 | K30: 2.78 | L30: - | M30: - | N30: X | O30: 무보증 | P30: 상장 | Q30: 공모간접 | R30: 선 | S30: 1.328 | T30: 10500.38 | U30: 10491.01 | V30: 정부보증채 | W30: 3030000 | X30: 3.3018 | Y30: 3.3261 | Z30: KR352601G824*058
A31: 예보기금특별계정채권2017-4 | B31: 42970 | C31: 수 | D31: 44796 | E31: 화 | F31: 0002-11-25 | G31: 1200000 | H31: 1200000 | I31: 이표고정 | J31: 6 | K31: 2.2 | L31: - | M31: - | N31: X | O31: 무보증 | P31: 상장 | Q31: 공모간접 | R31: 선 | S31: 1.329 | T31: 10257.53 | U31: 10256.32 | V31: 정부보증채 | W31: 3030000 | X31: 2.886 | Y31: 2.9044 | Z31: KR352601G782*058
A32: 예보기금특별계정채권2017-3 | B32: 42900 | C32: 수 | D32: 44726 | E32: 화 | F32: 0002-09-16 | G32: 900000 | H32: 900000 | I32: 이표고정 | J32: 6 | K32: 2.11 | L32: - | M32: - | N32: X | O32: 무보증 | P32: 상장 | Q32: 공모간접 | R32: 선 | S32: 1.327 | T32: 10257.52 | U32: 10215.19 | V32: 정부보증채 | W32: 3030000 | X32: 2.6996 | Y32: 2.7156 | Z32: KR352601G766*058
A33: 예보기금특별계정채권2015-1 | B33: 42025 | C33: 수 | D33: 44582 | E33: 금 | F33: 0002-04-23 | G33: 600000 | H33: 600000 | I33: 이표고정 | J33: 6 | K33: 2.34 | L33: - | M33: - | N33: X | O33: 무보증 | P33: 상장 | Q33: 공모직접 | R33: 선 | S33: 1.329 | T33: 10261.98 | U33: 10237.59 | V33: 정부보증채 | W33: 3030000 | X33: 2.3231 | Y33: 2.3408 | Z33: KR352601G519*058
A34: 예보기금특별계정채권2018-4 | B34: 43334 | C34: 수 | D34: 44430 | E34: 일 | F34: 0001-11-24 | G34: 450000 | H34: 450000 | I34: 이표고정 | J34: 6 | K34: 2.09 | L34: - | M34: - | N34: X | O34: 무보증 | P34: 상장 | Q34: 공모직접 | R34: 선 | S34: 1.344 | T34: 10149.3 | U34: 10146.71 | V34: 정부보증채 | W34: 3030000 | X34: 1.9377 | Y34: 1.9503 | Z34: KR352602G889*058
A35: 예보기금특별계정채권2018-3 | B35: 43248 | C35: 월 | D35: 44344 | E35: 금 | F35: 0001-08-29 | G35: 400000 | H35: 400000 | I35: 이표고정 | J35: 6 | K35: 2.37 | L35: - | M35: - | N35: X | O35: 무보증 | P35: 상장 | Q35: 공모간접 | R35: 선 | S35: 1.331 | T35: 10238.53 | U35: 10180.1 | V35: 정부보증채 | W35: 3030000 | X35: 1.7024 | Y35: 1.7108 | Z35: KR352601G857*058
A36: 예보기금특별계정채권2017-2 | B36: 42872 | C36: 수 | D36: 44333 | E36: 월 | F36: 0001-08-18 | G36: 900000 | H36: 900000 | I36: 이표고정 | J36: 6 | K36: 1.99 | L36: - | M36: - | N36: X | O36: 무보증 | P36: 상장 | Q36: 공모간접 | R36: 선 | S36: 1.329 | T36: 10167.85 | U36: 10112.93 | V36: 정부보증채 | W36: 3030000 | X36: 1.678 | Y36: 1.686 | Z36: KR352601G758*058
A37: 예보기금특별계정채권2018-2 | B37: 43152 | C37: 수 | D37: 44248 | E37: 일 | F37: 0001-05-23 | G37: 280000 | H37: 280000 | I37: 이표고정 | J37: 6 | K37: 2.53 | L37: - | M37: - | N37: X | O37: 무보증 | P37: 상장 | Q37: 공모간접 | R37: 선 | S37: 1.319 | T37: 10182.17 | U37: 10177.41 | V37: 정부보증채 | W37: 3030000 | X37: 1.4504 | Y37: 1.4636 | Z37: KR352602G822*058
A38: 예보기금특별계정채권2017-1 | B38: 42753 | C38: 수 | D38: 44214 | E38: 월 | F38: 0001-04-20 | G38: 440000 | H38: 440000 | I38: 이표고정 | J38: 6 | K38: 1.88 | L38: - | M38: - | N38: X | O38: 무보증 | P38: 상장 | Q38: 공모간접 | R38: 선 | S38: 1.314 | T38: 10098.74 | U38: 10078.21 | V38: 정부보증채 | W38: 3030000 | X38: 1.3637 | Y38: 1.3751 | Z38: KR352601G717*058
A39: 예보기금특별계정채권2017-5 | B39: 43026 | C39: 수 | D39: 44122 | E39: 일 | F39: 0001-01-19 | G39: 290000 | H39: 290000 | I39: 이표고정 | J39: 6 | K39: 2.11 | L39: - | M39: - | N39: X | O39: 무보증 | P39: 상장 | Q39: 공모간접 | R39: 선 | S39: 1.304 | T39: 10167.2 | U39: 10091.32 | V39: 정부보증채 | W39: 3030000 | X39: 1.1145 | Y39: 1.1214 | Z39: KR352601G7A9*058
... A43: 예보기금특별계정채권2016-3 | B43: 42712 | C43: 목 | D43: 43807 | E43: 일 | F43: 0000-03-09 | G43: 600000 | H43: 600000 | I43: 이표고정 | J43: 6 | K43: 1.9 | L43: - | M43: - | N43: X | O43: 무보증 | P43: 상장 | Q43: 공모직접 | R43: 선 | S43: 1.345 | T43: 10057.65 | U43: 10015.33 | V43: 정부보증채 | W43: 3030000 | X43: 0.2749 | Y43: 0.2759 | Z43: KR352601G6C7*058
A44: - | B44: - | D44: - | F44: - | G44: - | H44: - | I44: - | J44: - | K44: 1.63 | L44: - | M44: - | N44: X | O44: - | P44: 비상장 | Q44: - | R44: - | S44: - | T44: - | V44: - | W44: - | X44: - | Y44: - | Z44: -
A45: - | B45: - | D45: - | F45: - | G45: - | H45: - | I45: - | J45: - | K45: 1.76 | L45: - | M45: - | N45: X | O45: - | P45: 비상장 | Q45: - | R45: - | S45: - | T45: - | V45: - | W45: - | X45: - | Y45: - | Z45: -
A46: - | B46: - | D46: - | F46: - | G46: - | H46: - | I46: - | J46: - | K46: 1.79 | L46: - | M46: - | N46: X | O46: - | P46: 비상장 | Q46: - | R46: - | S46: - | T46: - | V46: - | W46: - | X46: - | Y46: - | Z46: -
A47: - | B47: - | D47: - | F47: - | G47: - | H47: - | I47: - | J47: - | K47: 1.86 | L47: - | M47: - | N47: X | O47: - | P47: 비상장 | Q47: - | R47: - | S47: - | T47: - | V47: - | W47: - | X47: - | Y47: - | Z47: -
A48: - | B48: - | D48: - | F48: - | G48: - | H48: - | I48: - | J48: - | K48: 2.99 | L48: - | M48: - | N48: X | O48: - | P48: 비상장 | Q48: - | R48: - | S48: - | T48: - | V48: - | W48: - | X48: - | Y48: - | Z48: -
A49: - | B49: - | D49: - | F49: - | G49: - | H49: - | I49: - | J49: - | K49: 3.02 | L49: - | M49: - | N49: X | O49: - | P49: 비상장 | Q49: - | R49: - | S49: - | T49: - | V49: - | W49: - | X49: - | Y49: - | Z49: -
A50: - | B50: - | D50: - | F50: - | G50: - | H50: - | I50: - | J50: - | K50: 3.12 | L50: - | M50: - | N50: X | O50: - | P50: 비상장 | Q50: - | R50: - | S50: - | T50: - | V50: - | W50: - | X50: - | Y50: - | Z50: -
A51: - | B51: - | D51: - | F51: - | G51: - | H51: - | I51: - | J51: - | K51: 3.74 | L51: - | M51: - | N51: X | O51: - | P51: 비상장 | Q51: - | R51: - | S51: - | T51: - | V51: - | W51: - | X51: - | Y51: - | Z51: -
A52: - | B52: - | D52: - | F52: - | G52: - | H52: - | I52: - | J52: - | K52: 3.87 | L52: - | M52: - | N52: X | O52: - | P52: 비상장 | Q52: - | R52: - | S52: - | T52: - | V52: - | W52: - | X52: - | Y52: - | Z52: -
A53: - | B53: - | D53: - | F53: - | G53: - | H53: - | I53: - | J53: - | K53: 3.09 | L53: - | M53: - | N53: X | O53: - | P53: 비상장 | Q53: - | R53: - | S53: - | T53: - | V53: - | W53: - | X53: - | Y53: - | Z53: -
A54: - | B54: - | D54: - | F54: - | G54: - | H54: - | I54: - | J54: - | K54: 3.98 | L54: - | M54: - | N54: X | O54: - | P54: 비상장 | Q54: - | R54: - | S54: - | T54: - | V54: - | W54: - | X54: - | Y54: - | Z54: -
A55: 예보상환기금채2017-1 | B55: 43040 | C55: 수 | D55: 44136 | E55: 일 | F55: 0001-02-03 | G55: 1520000 | H55: 1520000 | I55: 이표고정 | J55: 6 | K55: 2.39 | L55: - | M55: - | N55: X | O55: 정부보증 | P55: 상장 | Q55: 공모직접 | R55: 선 | S55: 1.271 | T55: 10207.77 | U55: 10130.78 | V55: 정부보증채 | W55: 3030000 | X55: 1.1499 | Y55: 1.1578 | Z55: KR352601G7B7*058

Sheet 2(t-1)
A1: 종목명 | B1: 발행일 | C1: 일 | D1: 만기일 | E1: 일 | F1: 잔존일 | G1: 발행액(백만) | H1: 상장잔액(백만) | I1: 이자유형 | J1: 주기 | K1: 표면금리 | L1: 주식옵션 | M1: 중도상환 | N1: ABS | O1: 보증유형 | P1: 상장여부 | Q1: 공사모 | R1: 순위 | S1: 민평3사 | T1: 시가 | U1: C.가격 | V1: 신용그룹 | W1: 신용그룹코드 | X1: PPC100 | Y1: 듀레이션 | Z1: 표준코드
A2: 국민주택1종19-08-2 | B2: 43708 | C2: 토 | D2: 45535 | E2: 토 | F2: 0005-00-03 | G2: 944909 | H2: 944909 | I2: 복리 | J2: 12 | K2: 1 | L2: - | M2: - | N2: X | O2: 무보증 | P2: 상장 | Q2: 공모직접 | R2: 선 | S2: 1.277 | T2: 9862.69 | U2: 9863.83 | V2: 국민주택 1종 | W2: 1020000 | X2: 4.9485 | Y2: 5.0082 | Z2: KR101502D981*058
A3: 국민주택1종19-08 | B3: 43708 | C3: 토 | D3: 45535 | E3: 토 | F3: 0005-00-03 | G3: 493819 | H3: 493819 | I3: 복리 | J3: 12 | K3: 1.25 | L3: - | M3: - | N3: X | O3: 무보증 | P3: 상장 | Q3: 공모직접 | R3: 선 | S3: 1.277 | T3: 9984.68 | U3: 9985.84 | V3: 국민주택 1종 | W3: 1020000 | X3: 4.9485 | Y3: 5.0082 | Z3: KR101501D983*058
A4: 국민주택1종19-07-2 | B4: 43677 | C4: 수 | D4: 45504 | E4: 수 | F4: 0004-11-03 | G4: 430893 | H4: 430893 | I4: 복리 | J4: 12 | K4: 1.25 | L4: - | M4: - | N4: X | O4: 무보증 | P4: 상장 | Q4: 공모직접 | R4: 선 | S4: 1.278 | T4: 9995.06 | U4: 9987.02 | V4: 국민주택 1종 | W4: 1020000 | X4: 4.8654 | Y4: 4.9234 | Z4: KR101502D973*058
A5: 국민주택1종19-07 | B5: 43677 | C5: 수 | D5: 45504 | E5: 수 | F5: 0004-11-03 | G5: 1037399 | H5: 1037399 | I5: 복리 | J5: 12 | K5: 1.5 | L5: - | M5: - | N5: X | O5: 무보증 | P5: 상장 | Q5: 공모직접 | R5: 선 | S5: 1.278 | T5: 10119.05 | U5: 10109.14 | V5: 국민주택 1종 | W5: 1020000 | X5: 4.8654 | Y5: 4.9234 | Z5: KR101501D975*058
A6: 국민주택1종19-06-2 | B6: 43646 | C6: 일 | D6: 45473 | E6: 일 | F6: 0004-10-02 | G6: 1063638 | H6: 1063052 | I6: 복리 | J6: 12 | K6: 1.5 | L6: - | M6: - | N6: X | O6: 무보증 | P6: 상장 | Q6: 공모직접 | R6: 선 | S6: 1.275 | T6: 10131.02 | U6: 10108.29 | V6: 국민주택 1종 | W6: 1020000 | X6: 4.7826 | Y6: 4.8387 | Z6: KR101502D965*058
A7: 국민주택1종19-06 | B7: 43646 | C7: 일 | D7: 45473 | E7: 일 | F7: 0004-10-02 | G7: 79026 | H7: 78735 | I7: 복리 | J7: 12 | K7: 1.75 | L7: - | M7: - | N7: X | O7: 무보증 | P7: 상장 | Q7: 공모직접 | R7: 선 | S7: 1.275 | T7: 10257.05 | U7: 10230.36 | V7: 국민주택 1종 | W7: 1020000 | X7: 4.7826 | Y7: 4.8387 | Z7: KR101501D967*058
A8: 국민주택1종19-05 | B8: 43616 | C8: 금 | D8: 45443 | E8: 금 | F8: 0004-09-03 | G8: 1323766 | H8: 1322205 | I8: 복리 | J8: 12 | K8: 1.75 | L8: - | M8: - | N8: X | O8: 무보증 | P8: 상장 | Q8: 공모직접 | R8: 선 | S8: 1.274 | T8: 10268.15 | U8: 10226.69 | V8: 국민주택 1종 | W8: 1020000 | X8: 4.7022 | Y8: 4.7568 | Z8: KR101501D959*058
A9: 경기지역개발19-08 | B9: 43708 | C9: 토 | D9: 45535 | E9: 토 | F9: 0005-00-03 | G9: 24326 | H9: 24326 | I9: 복리 | J9: 12 | K9: 1.25 | L9: - | M9: - | N9: X | O9: 무보증 | P9: 상장 | Q9: 공모직접 | R9: 선 | S9: 1.327 | T9: 9960.46 | U9: 9961.19 | V9: 경기지방채 | W9: 2045000 | X9: 4.9461 | Y9: 5.0082 | Z9: KR2044012988*058
A10: 경기지역개발19-07 | B10: 43677 | C10: 수 | D10: 45504 | E10: 수 | F10: 0004-11-03 | G10: 29005 | H10: 29005 | I10: 복리 | J10: 12 | K10: 1.25 | L10: - | M10: - | N10: X | O10: 무보증 | P10: 상장 | Q10: 공모직접 | R10: 선 | S10: 1.326 | T10: 9972.02 | U10: 9962.75 | V10: 경기지방채 | W10: 2045000 | X10: 4.8631 | Y10: 4.9234 | Z10: KR2044012970*058
A11: 경기지역개발19-06 | B11: 43646 | C11: 일 | D11: 45473 | E11: 일 | F11: 0004-10-02 | G11: 24093 | H11: 24093 | I11: 복리 | J11: 12 | K11: 1.25 | L11: - | M11: - | N11: X | O11: 무보증 | P11: 상장 | Q11: 공모직접 | R11: 선 | S11: 1.324 | T11: 9983.73 | U11: 9964.23 | V11: 경기지방채 | W11: 2045000 | X11: 4.7803 | Y11: 4.8387 | Z11: KR2044012962*058
A12: 예보상환기금채2018-2 | B12: 43322 | C12: 금 | D12: 44418 | E12: 화 | F12: 0001-11-13 | G12: 800000 | H12: 800000 | I12: 이표고정 | J12: 6 | K12: 2.15 | L12: - | M12: - | N12: X | O12: 정부보증 | P12: 상장 | Q12: 공모직접 | R12: 선 | S12: 1.299 | T12: 10173.89 | U12: 10164.74 | V12: 정부보증채 | W12: 3030000 | X12: 1.9078 | Y12: 1.9193 | Z12: KR352601G881*058
A13: 예보상환기금채2018-1 | B13: 43131 | C13: 수 | D13: 44227 | E13: 일 | F13: 0001-05-03 | G13: 680000 | H13: 680000 | I13: 이표고정 | J13: 6 | K13: 2.52 | L13: - | M13: - | N13: X | O13: 정부보증 | P13: 상장 | Q13: 공모직접 | R13: 선 | S13: 1.279 | T13: 10193.6 | U13: 10175.05 | V13: 정부보증채 | W13: 3030000 | X13: 1.397 | Y13: 1.4089 | Z13: KR352601G816*058
... A15: 예보상환기금채2015-1 | B15: 42333 | C15: 수 | D15: 44160 | E15: 수 | F15: 0001-02-28 | G15: 880000 | H15: 880000 | I15: 이표고정 | J15: 6 | K15: 2.12 | L15: - | M15: - | N15: X | O15: 정부보증 | P15: 상장 | Q15: 공모직접 | R15: 선 | S15: 1.269 | T15: 10159.03 | U15: 10105.01 | V15: 정부보증채 | W15: 3030000 | X15: 1.2194 | Y15: 1.2282 | Z15: KR352601G5B1*058
A16: - | B16: - | D16: - | F16: - | G16: - | H16: - | I16: - | J16: - | K16: 1.34 | L16: - | M16: - | N16: X | O16: - | P16: 비상장 | Q16: - | R16: - | S16: - | T16: - | V16: - | W16: - | X16: - | Y16: - | Z16: -
A17: - | B17: - | D17: - | F17: - | G17: - | H17: - | I17: - | J17: - | K17: 1.61 | L17: - | M17: - | N17: X | O17: - | P17: 비상장 | Q17: - | R17: - | S17: - | T17: - | V17: - | W17: - | X17: - | Y17: - | Z17: -
A18: - | B18: - | D18: - | F18: - | G18: - | H18: - | I18: - | J18: - | K18: 2.84 | L18: - | M18: - | N18: X | O18: - | P18: 비상장 | Q18: - | R18: - | S18: - | T18: - | V18: - | W18: - | X18: - | Y18: - | Z18: -
A19: - | B19: - | D19: - | F19: - | G19: - | H19: - | I19: - | J19: - | K19: 2.98 | L19: - | M19: - | N19: X | O19: - | P19: 비상장 | Q19: - | R19: - | S19: - | T19: - | V19: - | W19: - | X19: - | Y19: - | Z19: -
A20: - | B20: - | D20: - | F20: - | G20: - | H20: - | I20: - | J20: - | K20: 2.98 | L20: - | M20: - | N20: X | O20: - | P20: 비상장 | Q20: - | R20: - | S20: - | T20: - | V20: - | W20: - | X20: - | Y20: - | Z20: -
A21: - | B21: - | D21: - | F21: - | G21: - | H21: - | I21: - | J21: - | K21: 3.12 | L21: - | M21: - | N21: X | O21: - | P21: 비상장 | Q21: - | R21: - | S21: - | T21: - | V21: - | W21: - | X21: - | Y21: - | Z21: -
A22: - | B22: - | D22: - | F22: - | G22: - | H22: - | I22: - | J22: - | K22: 2.74 | L22: - | M22: - | N22: X | O22: - | P22: 비상장 | Q22: - | R22: - | S22: - | T22: - | V22: - | W22: - | X22: - | Y22: - | Z22: -
A23: - | B23: - | D23: - | F23: - | G23: - | H23: - | I23: - | J23: - | K23: 3.67 | L23: - | M23: - | N23: X | O23: - | P23: 비상장 | Q23: - | R23: - | S23: - | T23: - | V23: - | W23: - | X23: - | Y23: - | Z23: -
A24: - | B24: - | D24: - | F24: - | G24: - | H24: - | I24: - | J24: - | K24: 3.04 | L24: - | M24: - | N24: X | O24: - | P24: 비상장 | Q24: - | R24: - | S24: - | T24: - | V24: - | W24: - | X24: - | Y24: - | Z24: -
A25: - | B25: - | D25: - | F25: - | G25: - | H25: - | I25: - | J25: - | K25: 3.07 | L25: - | M25: - | N25: X | O25: - | P25: 비상장 | Q25: - | R25: - | S25: - | T25: - | V25: - | W25: - | X25: - | Y25: - | Z25: -
A26: - | B26: - | D26: - | F26: - | G26: - | H26: - | I26: - | J26: - | K26: 4.14 | L26: - | M26: - | N26: X | O26: - | P26: 비상장 | Q26: - | R26: - | S26: - | T26: - | V26: - | W26: - | X26: - | Y26: - | Z26: -
A27: - | B27: - | D27: - | F27: - | G27: - | H27: - | I27: - | J27: - | K27: 3.88 | L27: - | M27: - | N27: X | O27: - | P27: 비상장 | Q27: - | R27: - | S27: - | T27: - | V27: - | W27: - | X27: - | Y27: - | Z27: -
A28: 예보기금특별계정채권2019-2 | B28: 43542 | C28: 월 | D28: 45369 | E28: 월 | F28: 0004-06-19 | G28: 360000 | H28: 360000 | I28: 이표고정 | J28: 6 | K28: 1.97 | L28: - | M28: - | N28: X | O28: 무보증 | P28: 상장 | Q28: 공모직접 | R28: 선 | S28: 1.331 | T28: 10368.83 | U28: 10282.48 | V28: 정부보증채 | W28: 3030000 | X28: 4.3207 | Y28: 4.3448 | Z28: KR352601G931*058
A29: 예보기금특별계정채권2019-1 | B29: 43479 | C29: 월 | D29: 45305 | E29: 일 | F29: 0004-04-17 | G29: 580000 | H29: 580000 | I29: 이표고정 | J29: 6 | K29: 1.98 | L29: - | M29: - | N29: X | O29: 무보증 | P29: 상장 | Q29: 공모직접 | R29: 선 | S29: 1.331 | T29: 10299.06 | U29: 10275.43 | V29: 정부보증채 | W29: 3030000 | X29: 4.1827 | Y29: 4.2101 | Z29: KR352601G915*058
A30: 예보기금특별계정채권2018-1 | B30: 43145 | C30: 수 | D30: 44971 | E30: 화 | F30: 0003-05-17 | G30: 320000 | H30: 320000 | I30: 이표고정 | J30: 6 | K30: 2.78 | L30: - | M30: - | N30: X | O30: 무보증 | P30: 상장 | Q30: 공모간접 | R30: 선 | S30: 1.33 | T30: 10499.42 | U30: 10490.36 | V30: 정부보증채 | W30: 3030000 | X30: 3.3045 | Y30: 3.3289 | Z30: KR352601G824*058
A31: 예보기금특별계정채권2017-4 | B31: 42970 | C31: 수 | D31: 44796 | E31: 화 | F31: 0002-11-26 | G31: 1200000 | H31: 1200000 | I31: 이표고정 | J31: 6 | K31: 2.2 | L31: - | M31: - | N31: X | O31: 무보증 | P31: 상장 | Q31: 공모간접 | R31: 선 | S31: 1.33 | T31: 10256.77 | U31: 10255.96 | V31: 정부보증채 | W31: 3030000 | X31: 2.8887 | Y31: 2.9072 | Z31: KR352601G782*058
A32: 예보기금특별계정채권2017-3 | B32: 42900 | C32: 수 | D32: 44726 | E32: 화 | F32: 0002-09-17 | G32: 900000 | H32: 900000 | I32: 이표고정 | J32: 6 | K32: 2.11 | L32: - | M32: - | N32: X | O32: 무보증 | P32: 상장 | Q32: 공모간접 | R32: 선 | S32: 1.329 | T32: 10256.59 | U32: 10214.84 | V32: 정부보증채 | W32: 3030000 | X32: 2.7022 | Y32: 2.7183 | Z32: KR352601G766*058
A33: 예보기금특별계정채권2015-1 | B33: 42025 | C33: 수 | D33: 44582 | E33: 금 | F33: 0002-04-24 | G33: 600000 | H33: 600000 | I33: 이표고정 | J33: 6 | K33: 2.34 | L33: - | M33: - | N33: X | O33: 무보증 | P33: 상장 | Q33: 공모직접 | R33: 선 | S33: 1.328 | T33: 10261.93 | U33: 10237.85 | V33: 정부보증채 | W33: 3030000 | X33: 2.3258 | Y33: 2.3435 | Z33: KR352601G519*058
A34: 예보기금특별계정채권2018-4 | B34: 43334 | C34: 수 | D34: 44430 | E34: 일 | F34: 0001-11-25 | G34: 450000 | H34: 450000 | I34: 이표고정 | J34: 6 | K34: 2.09 | L34: - | M34: - | N34: X | O34: 무보증 | P34: 상장 | Q34: 공모직접 | R34: 선 | S34: 1.33 | T34: 10151.62 | U34: 10149.47 | V34: 정부보증채 | W34: 3030000 | X34: 1.9405 | Y34: 1.953 | Z34: KR352602G889*058
A35: 예보기금특별계정채권2018-3 | B35: 43248 | C35: 월 | D35: 44344 | E35: 금 | F35: 0001-09-00 | G35: 400000 | H35: 400000 | I35: 이표고정 | J35: 6 | K35: 2.37 | L35: - | M35: - | N35: X | O35: 무보증 | P35: 상장 | Q35: 공모간접 | R35: 선 | S35: 1.321 | T35: 10239.91 | U35: 10181.94 | V35: 정부보증채 | W35: 3030000 | X35: 1.7052 | Y35: 1.7135 | Z35: KR352601G857*058
A36: 예보기금특별계정채권2017-2 | B36: 42872 | C36: 수 | D36: 44333 | E36: 월 | F36: 0001-08-19 | G36: 900000 | H36: 900000 | I36: 이표고정 | J36: 6 | K36: 1.99 | L36: - | M36: - | N36: X | O36: 무보증 | P36: 상장 | Q36: 공모간접 | R36: 선 | S36: 1.32 | T36: 10169.02 | U36: 10114.47 | V36: 정부보증채 | W36: 3030000 | X36: 1.6808 | Y36: 1.6887 | Z36: KR352601G758*058
A37: 예보기금특별계정채권2018-2 | B37: 43152 | C37: 수 | D37: 44248 | E37: 일 | F37: 0001-05-24 | G37: 280000 | H37: 280000 | I37: 이표고정 | J37: 6 | K37: 2.53 | L37: - | M37: - | N37: X | O37: 무보증 | P37: 상장 | Q37: 공모간접 | R37: 선 | S37: 1.314 | T37: 10182.55 | U37: 10178.04 | V37: 정부보증채 | W37: 3030000 | X37: 1.4531 | Y37: 1.4663 | Z37: KR352602G822*058
A38: 예보기금특별계정채권2017-1 | B38: 42753 | C38: 수 | D38: 44214 | E38: 월 | F38: 0001-04-21 | G38: 440000 | H38: 440000 | I38: 이표고정 | J38: 6 | K38: 1.88 | L38: - | M38: - | N38: X | O38: 무보증 | P38: 상장 | Q38: 공모간접 | R38: 선 | S38: 1.309 | T38: 10099.07 | U38: 10078.78 | V38: 정부보증채 | W38: 3030000 | X38: 1.3664 | Y38: 1.3778 | Z38: KR352601G717*058
A39: 예보기금특별계정채권2017-5 | B39: 43026 | C39: 수 | D39: 44122 | E39: 일 | F39: 0001-01-20 | G39: 290000 | H39: 290000 | I39: 이표고정 | J39: 6 | K39: 2.11 | L39: - | M39: - | N39: X | O39: 무보증 | P39: 상장 | Q39: 공모간접 | R39: 선 | S39: 1.299 | T39: 10167.37 | U39: 10092 | V39: 정부보증채 | W39: 3030000 | X39: 1.1172 | Y39: 1.1242 | Z39: KR352601G7A9*058
... A43: 예보기금특별계정채권2016-3 | B43: 42712 | C43: 목 | D43: 43807 | E43: 일 | F43: 0000-03-10 | G43: 600000 | H43: 600000 | I43: 이표고정 | J43: 6 | K43: 1.9 | L43: - | M43: - | N43: X | O43: 무보증 | P43: 상장 | Q43: 공모직접 | R43: 선 | S43: 1.343 | T43: 10057.34 | U43: 10015.51 | V43: 정부보증채 | W43: 3030000 | X43: 0.2776 | Y43: 0.2786 | Z43: KR352601G6C7*058
A44: - | B44: - | D44: - | F44: - | G44: - | H44: - | I44: - | J44: - | K44: 1.63 | L44: - | M44: - | N44: X | O44: - | P44: 비상장 | Q44: - | R44: - | S44: - | T44: - | V44: - | W44: - | X44: - | Y44: - | Z44: -
A45: - | B45: - | D45: - | F45: - | G45: - | H45: - | I45: - | J45: - | K45: 1.76 | L45: - | M45: - | N45: X | O45: - | P45: 비상장 | Q45: - | R45: - | S45: - | T45: - | V45: - | W45: - | X45: - | Y45: - | Z45: -
A46: - | B46: - | D46: - | F46: - | G46: - | H46: - | I46: - | J46: - | K46: 1.79 | L46: - | M46: - | N46: X | O46: - | P46: 비상장 | Q46: - | R46: - | S46: - | T46: - | V46: - | W46: - | X46: - | Y46: - | Z46: -
A47: - | B47: - | D47: - | F47: - | G47: - | H47: - | I47: - | J47: - | K47: 1.86 | L47: - | M47: - | N47: X | O47: - | P47: 비상장 | Q47: - | R47: - | S47: - | T47: - | V47: - | W47: - | X47: - | Y47: - | Z47: -
A48: - | B48: - | D48: - | F48: - | G48: - | H48: - | I48: - | J48: - | K48: 2.99 | L48: - | M48: - | N48: X | O48: - | P48: 비상장 | Q48: - | R48: - | S48: - | T48: - | V48: - | W48: - | X48: - | Y48: - | Z48: -
A49: - | B49: - | D49: - | F49: - | G49: - | H49: - | I49: - | J49: - | K49: 3.02 | L49: - | M49: - | N49: X | O49: - | P49: 비상장 | Q49: - | R49: - | S49: - | T49: - | V49: - | W49: - | X49: - | Y49: - | Z49: -
A50: - | B50: - | D50: - | F50: - | G50: - | H50: - | I50: - | J50: - | K50: 3.12 | L50: - | M50: - | N50: X | O50: - | P50: 비상장 | Q50: - | R50: - | S50: - | T50: - | V50: - | W50: - | X50: - | Y50: - | Z50: -
A51: - | B51: - | D51: - | F51: - | G51: - | H51: - | I51: - | J51: - | K51: 3.74 | L51: - | M51: - | N51: X | O51: - | P51: 비상장 | Q51: - | R51: - | S51: - | T51: - | V51: - | W51: - | X51: - | Y51: - | Z51: -
A52: - | B52: - | D52: - | F52: - | G52: - | H52: - | I52: - | J52: - | K52: 3.87 | L52: - | M52: - | N52: X | O52: - | P52: 비상장 | Q52: - | R52: - | S52: - | T52: - | V52: - | W52: - | X52: - | Y52: - | Z52: -
A53: - | B53: - | D53: - | F53: - | G53: - | H53: - | I53: - | J53: - | K53: 3.09 | L53: - | M53: - | N53: X | O53: - | P53: 비상장 | Q53: - | R53: - | S53: - | T53: - | V53: - | W53: - | X53: - | Y53: - | Z53: -
A54: - | B54: - | D54: - | F54: - | G54: - | H54: - | I54: - | J54: - | K54: 3.98 | L54: - | M54: - | N54: X | O54: - | P54: 비상장 | Q54: - | R54: - | S54: - | T54: - | V54: - | W54: - | X54: - | Y54: - | Z54: -
A55: 예보상환기금채2017-1 | B55: 43040 | C55: 수 | D55: 44136 | E55: 일 | F55: 0001-02-04 | G55: 1520000 | H55: 1520000 | I55: 이표고정 | J55: 6 | K55: 2.39 | L55: - | M55: - | N55: X | O55: 정부보증 | P55: 상장 | Q55: 공모직접 | R55: 선 | S55: 1.265 | T55: 10208.13 | U55: 10131.67 | V55: 정부보증채 | W55: 3030000 | X55: 1.1526 | Y55: 1.1605 | Z55: KR352601G7B7*058

Sheet 시평
A1: 그룹명 | B1: 3M | C1: 6M | D1: 9M | E1: 1Y | F1: 1Y6M | G1: 2Y | H1: 2Y6M | I1: 3Y | J1: 4Y | K1: 5Y | L1: 7Y | M1: 10Y | N1: 15Y | O1: 20Y | P1: 30Y | Q1: 50Y
A2: 국고채 | B2: 1.245 | C2: 1.2 | D2: 1.156 | E2: 1.125 | F2: 1.156 | G2: 1.2 | H2: 1.201 | I2: 1.175 | J2: 1.213 | K2: 1.21 | L2: 1.235 | M2: 1.241 | N2: 1.244 | O2: 1.25 | P2: 1.25 | Q2: 1.27
A3: 국민주택1종 | B3: 1.257 | C3: 1.231 | D3: 1.202 | E3: 1.203 | F3: 1.228 | G3: 1.253 | H3: 1.253 | I3: 1.26 | J3: 1.262 | K3: 1.275 | L3: - | M3: - | N3: - | O3: - | P3: - | Q3: -
A4: 국민주택2종 | B4: 0.999 | C4: 0.974 | D4: 0.946 | E4: 0.946 | F4: 0.972 | G4: 0.997 | H4: 1.003 | I4: 1.038 | J4: 1.053 | K4: 1.067 | L4: 1.164 | M4: 1.277 | N4: 1.377 | O4: 1.466 | P4: - | Q4: -
A5: 서울도시철도채 | B5: 1.295 | C5: 1.27 | D5: 1.241 | E5: 1.242 | F5: 1.267 | G5: 1.292 | H5: 1.296 | I5: 1.305 | J5: 1.309 | K5: 1.324 | L5: 1.341 | M5: - | N5: - | O5: - | P5: - | Q5: -
A6: 지역개발채 | B6: 1.295 | C6: 1.27 | D6: 1.241 | E6: 1.242 | F6: 1.267 | G6: 1.292 | H6: 1.296 | I6: 1.305 | J6: 1.309 | K6: 1.324 | L6: 1.341 | M6: 1.467 | N6: 1.623 | O6: 1.681 | P6: - | Q6: -
A7: MBS | B7: 1.358 | C7: 1.327 | D7: 1.303 | E7: 1.303 | F7: 1.328 | G7: 1.352 | H7: 1.337 | I7: 1.338 | J7: 1.336 | K7: 1.341 | L7: 1.332 | M7: 1.349 | N7: 1.348 | O7: 1.346 | P7: - | Q7: -
A8: 정부보증채 | B8: 1.319 | C8: 1.287 | D8: 1.264 | E8: 1.26 | F8: 1.288 | G8: 1.313 | H8: 1.298 | I8: 1.301 | J8: 1.303 | K8: 1.309 | L8: 1.3 | M8: 1.319 | N8: 1.316 | O8: 1.313 | P8: - | Q8: -
A9: 특수채AAA | B9: 1.355 | C9: 1.321 | D9: 1.298 | E9: 1.296 | F9: 1.323 | G9: 1.346 | H9: 1.331 | I9: 1.332 | J9: 1.332 | K9: 1.336 | L9: 1.329 | M9: 1.347 | N9: 1.344 | O9: 1.339 | P9: 1.328 | Q9: -
A10: 특수채AA+ | B10: 1.385 | C10: 1.363 | D10: 1.34 | E10: 1.345 | F10: 1.372 | G10: 1.396 | H10: 1.384 | I10: 1.387 | J10: 1.392 | K10: 1.428 | L10: 1.467 | M10: 1.542 | N10: 1.55 | O10: 1.553 | P10: - | Q10: -
A11: 특수채AA0 | B11: 1.443 | C11: 1.421 | D11: 1.401 | E11: 1.41 | F11: 1.444 | G11: 1.47 | H11: 1.459 | I11: 1.465 | J11: 1.479 | K11: 1.53 | L11: 1.573 | M11: 1.649 | N11: 1.698 | O11: 1.705 | P11: - | Q11: -
A12: 특수채AA- | B12: 1.529 | C12: 1.511 | D12: 1.495 | E12: 1.508 | F12: 1.542 | G12: 1.575 | H12: 1.571 | I12: 1.581 | J12: 1.593 | K12: 1.652 | L12: 1.688 | M12: 1.761 | N12: 1.817 | O12: 1.825 | P12: - | Q12: -
A13: 통안채 | B13: 1.272 | C13: 1.21 | D13: 1.169 | E13: 1.169 | F13: 1.19 | G13: 1.2 | H13: - | I13: - | J13: - | K13: - | L13: - | M13: - | N13: - | O13: - | P13: - | Q13: -
A14: 산금채 | B14: 1.388 | C14: 1.331 | D14: 1.292 | E14: 1.293 | F14: 1.313 | G14: 1.322 | H14: 1.314 | I14: 1.318 | J14: 1.322 | K14: 1.357 | L14: 1.358 | M14: 1.405 | N14: 1.424 | O14: 1.464 | P14: - | Q14: -
A15: 중금채 | B15: 1.388 | C15: 1.331 | D15: 1.292 | E15: 1.293 | F15: 1.313 | G15: 1.322 | H15: 1.319 | I15: 1.325 | J15: 1.34 | K15: 1.372 | L15: 1.384 | M15: 1.44 | N15: 1.459 | O15: 1.502 | P15: - | Q15: -
A16: 은행채AAA | B16: 1.408 | C16: 1.355 | D16: 1.322 | E16: 1.329 | F16: 1.352 | G16: 1.366 | H16: 1.358 | I16: 1.367 | J16: 1.369 | K16: 1.389 | L16: 1.424 | M16: 1.499 | N16: 1.519 | O16: 1.571 | P16: - | Q16: -
A17: 은행채AA+ | B17: 1.449 | C17: 1.401 | D17: 1.371 | E17: 1.388 | F17: 1.415 | G17: 1.437 | H17: 1.435 | I17: 1.443 | J17: 1.444 | K17: 1.455 | L17: 1.461 | M17: 1.546 | N17: 1.665 | O17: 1.764 | P17: - | Q17: -
A18: 은행채AA0 | B18: 1.6 | C18: 1.559 | D18: 1.531 | E18: 1.565 | F18: 1.604 | G18: 1.646 | H18: 1.674 | I18: 1.693 | J18: 1.698 | K18: 1.756 | L18: 1.787 | M18: 1.879 | N18: 2.007 | O18: 2.118 | P18: - | Q18: -
A19: 은행채AA- | B19: 1.762 | C19: 1.792 | D19: 1.783 | E19: 1.834 | F19: 1.864 | G19: 1.901 | H19: 1.911 | I19: 1.937 | J19: 1.942 | K19: 1.989 | L19: 2.032 | M19: 2.19 | N19: 2.243 | O19: 2.338 | P19: - | Q19: -
A20: 은행채A+ | B20: 1.851 | C20: 1.875 | D20: 1.868 | E20: 1.921 | F20: 1.968 | G20: 2.01 | H20: 2.027 | I20: 2.062 | J20: 2.073 | K20: 2.121 | L20: 2.186 | M20: 2.367 | N20: 2.453 | O20: 2.547 | P20: - | Q20: -
A21: 은행채A0 | B21: 1.94 | C21: 1.958 | D21: 1.945 | E21: 2.016 | F21: 2.069 | G21: 2.113 | H21: 2.129 | I21: 2.168 | J21: 2.18 | K21: 2.246 | L21: 2.312 | M21: 2.511 | N21: 2.588 | O21: 2.687 | P21: - | Q21: -
A22: 은행채A- | B22: 2.024 | C22: 2.054 | D22: 2.049 | E22: 2.097 | F22: 2.157 | G22: 2.202 | H22: 2.211 | I22: 2.248 | J22: 2.267 | K22: 2.331 | L22: 2.408 | M22: 2.618 | N22: 2.722 | O22: 2.839 | P22: - | Q22: -
A23: 비은행금융채AA+ | B23: 1.492 | C23: 1.475 | D23: 1.441 | E23: 1.438 | F23: 1.482 | G23: 1.499 | H23: 1.485 | I23: 1.491 | J23: 1.488 | K23: 1.531 | L23: 1.614 | M23: 1.913 | N23: 2.186 | O23: 2.279 | P23: - | Q23: -
A24: 비은행금융채AA0 | B24: 1.517 | C24: 1.492 | D24: 1.46 | E24: 1.452 | F24: 1.496 | G24: 1.512 | H24: 1.502 | I24: 1.518 | J24: 1.524 | K24: 1.677 | L24: 1.821 | M24: 2.15 | N24: 2.46 | O24: 2.555 | P24: - | Q24: -
A25: 비은행금융채AA- | B25: 1.552 | C25: 1.527 | D25: 1.495 | E25: 1.495 | F25: 1.557 | G25: 1.586 | H25: 1.581 | I25: 1.596 | J25: 1.63 | K25: 1.8 | L25: 1.993 | M25: 2.389 | N25: 2.687 | O25: 2.787 | P25: - | Q25: -
... A47: 보증사채A- | B47: 1.887 | C47: 1.911 | D47: 1.94 | E47: 1.961 | F47: 2.015 | G47: 2.113 | H47: 2.239 | I47: 2.433 | J47: 2.691 | K47: 3.068 | L47: 3.32 | M47: 3.907 | N47: 4.312 | O47: 4.542 | P47: - | Q47: -
A48: 특수은보회사채 | B48: 1.36 | C48: 1.376 | D48: 1.394 | E48: 1.414 | F48: 1.445 | G48: 1.464 | H48: 1.479 | I48: 1.484 | J48: 1.49 | K48: 1.508 | L48: 1.524 | M48: 1.567 | N48: - | O48: - | P48: - | Q48: -
A49: 시중은보회사채 | B49: 1.377 | C49: 1.38 | D49: 1.419 | E49: 1.447 | F49: 1.518 | G49: 1.619 | H49: 1.661 | I49: 1.688 | J49: 1.684 | K49: 1.7 | L49: 1.849 | M49: 2.074 | N49: - | O49: - | P49: - | Q49: -
A50: 지방은보회사채 | B50: 1.54 | C50: 1.553 | D50: 1.595 | E50: 1.635 | F50: 1.723 | G50: 1.751 | H50: 1.79 | I50: 1.825 | J50: 1.811 | K50: 1.858 | L50: 1.981 | M50: 2.511 | N50: - | O50: - | P50: - | Q50: -
A51: 기타보증회사채 | B51: 1.887 | C51: 2.168 | D51: 2.486 | E51: 2.712 | F51: 3.029 | G51: 3.49 | H51: 3.734 | I51: 4.072 | J51: 4.077 | K51: 4.195 | L51: 4.21 | M51: 4.365 | N51: - | O51: - | P51: - | Q51: -
A52: 무보증사채AAA | B52: 1.36 | C52: 1.373 | D52: 1.387 | E52: 1.404 | F52: 1.427 | G52: 1.45 | H52: 1.452 | I52: 1.457 | J52: 1.46 | K52: 1.465 | L52: 1.464 | M52: 1.513 | N52: 1.604 | O52: 1.707 | P52: - | Q52: -
A53: 무보증사채AA+ | B53: 1.389 | C53: 1.398 | D53: 1.412 | E53: 1.428 | F53: 1.449 | G53: 1.473 | H53: 1.478 | I53: 1.484 | J53: 1.488 | K53: 1.511 | L53: 1.595 | M53: 1.788 | N53: 1.995 | O53: 2.095 | P53: - | Q53: -
A54: 무보증사채AA0 | B54: 1.431 | C54: 1.439 | D54: 1.45 | E54: 1.464 | F54: 1.484 | G54: 1.51 | H54: 1.514 | I54: 1.519 | J54: 1.524 | K54: 1.572 | L54: 1.749 | M54: 2.174 | N54: 2.597 | O54: 2.711 | P54: - | Q54: -
A55: 무보증사채AA- | B55: 1.46 | C55: 1.468 | D55: 1.48 | E55: 1.494 | F55: 1.515 | G55: 1.538 | H55: 1.541 | I55: 1.546 | J55: 1.59 | K55: 1.677 | L55: 1.955 | M55: 2.525 | N55: 3.075 | O55: 3.256 | P55: - | Q55: -
A56: 무보증사채A+ | B56: 1.516 | C56: 1.527 | D56: 1.537 | E56: 1.547 | F56: 1.571 | G56: 1.597 | H56: 1.608 | I56: 1.719 | J56: 1.838 | K56: 2.073 | L56: 2.361 | M56: 2.931 | N56: 3.405 | O56: 3.606 | P56: - | Q56: -
A57: 무보증사채A0 | B57: 1.662 | C57: 1.679 | D57: 1.696 | E57: 1.71 | F57: 1.738 | G57: 1.771 | H57: 1.82 | I57: 1.987 | J57: 2.185 | K57: 2.486 | L57: 2.795 | M57: 3.385 | N57: 3.806 | O57: 4.047 | P57: - | Q57: -
A58: 무보증사채A- | B58: 1.886 | C58: 1.918 | D58: 1.943 | E58: 1.971 | F58: 2.015 | G58: 2.1 | H58: 2.218 | I58: 2.429 | J58: 2.683 | K58: 3.071 | L58: 3.329 | M58: 3.899 | N58: 4.316 | O58: 4.628 | P58: - | Q58: -
A59: 무보증사채BBB+ | B59: 2.527 | C59: 2.886 | D59: 3.233 | E59: 3.463 | F59: 3.86 | G59: 4.377 | H59: 4.707 | I59: 5.044 | J59: 5.09 | K59: 5.219 | L59: 5.3 | M59: 5.56 | N59: 5.989 | O59: 6.253 | P59: - | Q59: -
A60: 무보증사채BBB0 | B60: 2.907 | C60: 3.389 | D60: 3.814 | E60: 4.137 | F60: 4.67 | G60: 5.321 | H60: 5.74 | I60: 6.092 | J60: 6.133 | K60: 6.266 | L60: 6.35 | M60: 6.678 | N60: 7.101 | O60: 7.379 | P60: - | Q60: -
A61: 무보증사채BBB- | B61: 3.582 | C61: 4.186 | D61: 4.748 | E61: 5.125 | F61: 5.785 | G61: 6.48 | H61: 6.975 | I61: 7.461 | J61: 7.559 | K61: 7.688 | L61: 7.771 | M61: 8.104 | N61: 8.582 | O61: 8.842 | P61: - | Q61: -
A62: 무보증사채BB+ | B62: 5.068 | C62: 5.859 | D62: 6.444 | E62: 7.033 | F62: 7.635 | G62: 8.321 | H62: 8.962 | I62: 9.538 | J62: 9.816 | K62: 10.094 | L62: 10.336 | M62: 10.478 | N62: 11.208 | O62: 11.55 | P62: - | Q62: -
A63: 무보증사채BB0 | B63: 5.813 | C63: 6.63 | D63: 7.264 | E63: 7.85 | F63: 8.463 | G63: 9.215 | H63: 10.069 | I63: 10.698 | J63: 10.946 | K63: 11.137 | L63: 11.41 | M63: 11.559 | N63: 12.377 | O63: 12.768 | P63: - | Q63: -
... A74: 사모사채BBB- | B74: 4.174 | C74: 4.838 | D74: 5.475 | E74: 5.906 | F74: 6.617 | G74: 7.329 | H74: 7.855 | I74: 8.372 | J74: 8.492 | K74: 8.643 | L74: 8.74 | M74: 9.087 | N74: 9.58 | O74: 9.853 | P74: - | Q74: -

Sheet 시가평가표
A1: 그룹명 | C1: 3M | D1: 6M | E1: 9M | F1: 1Y | G1: 1.5Y | H1: 2Y | I1: 2.5Y | J1: 3Y | K1: 4Y | L1: 5Y | M1: 7Y | N1: 10Y
A2: 국고채 | C2: =시평!B2 -> 1.245 | D2: =시평!C2 -> 1.2 | E2: =시평!D2 -> 1.156 | F2: =시평!E2 -> 1.125 | G2: =시평!F2 -> 1.156 | H2: =시평!G2 -> 1.2 | I2: =시평!H2 -> 1.201 | J2: =시평!I2 -> 1.175 | ... N2: =시평!M2 -> 1.241
A3: 국주 1종 | C3: =시평!B3 -> 1.257 | D3: =시평!C3 -> 1.231 | E3: =시평!D3 -> 1.202 | F3: =시평!E3 -> 1.203 | G3: =시평!F3 -> 1.228 | H3: =시평!G3 -> 1.253 | I3: =시평!H3 -> 1.253 | J3: =시평!I3 -> 1.26 | ... N3: =시평!M3 -> -
A4: MBS | C4: =시평!B7 -> 1.358 | D4: =시평!C7 -> 1.327 | E4: =시평!D7 -> 1.303 | F4: =시평!E7 -> 1.303 | G4: =시평!F7 -> 1.328 | H4: =시평!G7 -> 1.352 | I4: =시평!H7 -> 1.337 | J4: =시평!I7 -> 1.338 | ... N4: =시평!M7 -> 1.349
A5: 정부보증채 | C5: =시평!B8 -> 1.319 | D5: =시평!C8 -> 1.287 | E5: =시평!D8 -> 1.264 | F5: =시평!E8 -> 1.26 | G5: =시평!F8 -> 1.288 | H5: =시평!G8 -> 1.313 | I5: =시평!H8 -> 1.298 | J5: =시평!I8 -> 1.301 | ... N5: =시평!M8 -> 1.319
A6: 특수채 AAA | C6: =시평!B$9 -> 1.355 | D6: =시평!C$9 -> 1.321 | E6: =시평!D$9 -> 1.298 | F6: =시평!E$9 -> 1.296 | G6: =시평!F$9 -> 1.323 | H6: =시평!G$9 -> 1.346 | I6: =시평!H$9 -> 1.331 | J6: =시평!I$9 -> 1.332 | ... N6: =시평!M$9 -> 1.347
A7: 특수채 AA+ | C7: =시평!B$10 -> 1.385 | D7: =시평!C$10 -> 1.363 | E7: =시평!D$10 -> 1.34 | F7: =시평!E$10 -> 1.345 | G7: =시평!F$10 -> 1.372 | H7: =시평!G$10 -> 1.396 | I7: =시평!H$10 -> 1.384 | J7: =시평!I$10 -> 1.387 | ... N7: =시평!M$10 -> 1.542
A8: 산금채 | C8: =시평!B$14 -> 1.388 | D8: =시평!C$14 -> 1.331 | E8: =시평!D$14 -> 1.292 | F8: =시평!E$14 -> 1.293 | G8: =시평!F$14 -> 1.313 | H8: =시평!G$14 -> 1.322 | I8: =시평!H$14 -> 1.314 | J8: =시평!I$14 -> 1.318 | ... N8: =시평!M$14 -> 1.405
A9: 중금채 | C9: =시평!B$15 -> 1.388 | D9: =시평!C$15 -> 1.331 | E9: =시평!D$15 -> 1.292 | F9: =시평!E$15 -> 1.293 | G9: =시평!F$15 -> 1.313 | H9: =시평!G$15 -> 1.322 | I9: =시평!H$15 -> 1.319 | J9: =시평!I$15 -> 1.325 | ... N9: =시평!M$15 -> 1.44
A10: 은행채 AAA | C10: =시평!B$16 -> 1.408 | D10: =시평!C$16 -> 1.355 | E10: =시평!D$16 -> 1.322 | F10: =시평!E$16 -> 1.329 | G10: =시평!F$16 -> 1.352 | H10: =시평!G$16 -> 1.366 | I10: =시평!H$16 -> 1.358 | J10: =시평!I$16 -> 1.367 | ... N10: =시평!M$16 -> 1.499
A11: 은행채 AA+ | C11: =시평!B$17 -> 1.449 | D11: =시평!C$17 -> 1.401 | E11: =시평!D$17 -> 1.371 | F11: =시평!E$17 -> 1.388 | G11: =시평!F$17 -> 1.415 | H11: =시평!G$17 -> 1.437 | I11: =시평!H$17 -> 1.435 | J11: =시평!I$17 -> 1.443 | ... N11: =시평!M$17 -> 1.546
A12: 카드채 | B12: AA+ | C12: =시평!B32 -> 1.492 | D12: =시평!C32 -> 1.475 | E12: =시평!D32 -> 1.441 | F12: =시평!E32 -> 1.438 | G12: =시평!F32 -> 1.482 | H12: =시평!G32 -> 1.499 | I12: =시평!H32 -> 1.485 | J12: =시평!I32 -> 1.491 | ... N12: =시평!M32 -> 1.913
B13: AA0 | C13: =시평!B33 -> 1.517 | D13: =시평!C33 -> 1.492 | E13: =시평!D33 -> 1.46 | F13: =시평!E33 -> 1.452 | G13: =시평!F33 -> 1.496 | H13: =시평!G33 -> 1.512 | I13: =시평!H33 -> 1.502 | J13: =시평!I33 -> 1.518 | ... N13: =시평!M33 -> 2.15
B14: AA- | C14: =시평!B34 -> 1.552 | D14: =시평!C34 -> 1.527 | E14: =시평!D34 -> 1.495 | F14: =시평!E34 -> 1.495 | G14: =시평!F34 -> 1.557 | H14: =시평!G34 -> 1.586 | I14: =시평!H34 -> 1.581 | J14: =시평!I34 -> 1.596 | ... N14: =시평!M34 -> 2.389
B15: A+ | C15: =시평!B35 -> 1.615 | D15: =시평!C35 -> 1.6 | E15: =시평!D35 -> 1.572 | F15: =시평!E35 -> 1.594 | G15: =시평!F35 -> 1.64 | H15: =시평!G35 -> 1.704 | I15: =시평!H35 -> 1.736 | J15: =시평!I35 -> 1.864 | ... N15: =시평!M35 -> 2.854
A16: 무보증사채 | B16: AAA | C16: =시평!B52 -> 1.36 | D16: =시평!C52 -> 1.373 | E16: =시평!D52 -> 1.387 | F16: =시평!E52 -> 1.404 | G16: =시평!F52 -> 1.427 | H16: =시평!G52 -> 1.45 | I16: =시평!H52 -> 1.452 | J16: =시평!I52 -> 1.457 | ... N16: =시평!M52 -> 1.513
B17: AA+ | C17: =시평!B53 -> 1.389 | D17: =시평!C53 -> 1.398 | E17: =시평!D53 -> 1.412 | F17: =시평!E53 -> 1.428 | G17: =시평!F53 -> 1.449 | H17: =시평!G53 -> 1.473 | I17: =시평!H53 -> 1.478 | J17: =시평!I53 -> 1.484 | ... N17: =시평!M53 -> 1.788
B18: AA0 | C18: =시평!B54 -> 1.431 | D18: =시평!C54 -> 1.439 | E18: =시평!D54 -> 1.45 | F18: =시평!E54 -> 1.464 | G18: =시평!F54 -> 1.484 | H18: =시평!G54 -> 1.51 | I18: =시평!H54 -> 1.514 | J18: =시평!I54 -> 1.519 | ... N18: =시평!M54 -> 2.174
B19: AA- | C19: =시평!B55 -> 1.46 | D19: =시평!C55 -> 1.468 | E19: =시평!D55 -> 1.48 | F19: =시평!E55 -> 1.494 | G19: =시평!F55 -> 1.515 | H19: =시평!G55 -> 1.538 | I19: =시평!H55 -> 1.541 | J19: =시평!I55 -> 1.546 | ... N19: =시평!M55 -> 2.525
B20: A+ | C20: =시평!B56 -> 1.516 | D20: =시평!C56 -> 1.527 | E20: =시평!D56 -> 1.537 | F20: =시평!E56 -> 1.547 | G20: =시평!F56 -> 1.571 | H20: =시평!G56 -> 1.597 | I20: =시평!H56 -> 1.608 | J20: =시평!I56 -> 1.719 | ... N20: =시평!M56 -> 2.931
B21: A0 | C21: =시평!B57 -> 1.662 | D21: =시평!C57 -> 1.679 | E21: =시평!D57 -> 1.696 | F21: =시평!E57 -> 1.71 | G21: =시평!F57 -> 1.738 | H21: =시평!G57 -> 1.771 | I21: =시평!H57 -> 1.82 | J21: =시평!I57 -> 1.987 | ... N21: =시평!M57 -> 3.385
B22: A- | C22: =시평!B58 -> 1.886 | D22: =시평!C58 -> 1.918 | E22: =시평!D58 -> 1.943 | F22: =시평!E58 -> 1.971 | G22: =시평!F58 -> 2.015 | H22: =시평!G58 -> 2.1 | I22: =시평!H58 -> 2.218 | J22: =시평!I58 -> 2.429 | ... N22: =시평!M58 -> 3.899
A23: 그룹명 | C23: 1D | D23: 7D | E23: 10D | F23: 15D | G23: 1M | H23: 2M | I23: 3M | J23: 4M | K23: 6M | L23: 1Y | M23: 2Y
A24: CD | B24: AAA | C24: 1.47 | D24: 1.47 | E24: - | F24: 1.48 | G24: 1.48 | H24: 1.48 | I24: 1.49 | J24: 1.49 | K24: 1.48 | L24: 1.51 | M24: 1.51
Z68: =TODAY() -> 43706

Sheet Sheet1
A1: 종목명 | B1: 발행일 | C1: 일 | D1: 만기일 | E1: 일 | F1: 잔존일 | G1: 발행액(백만) | H1: 상장잔액(백만) | I1: 이자유형 | J1: 주기 | K1: 표면금리 | L1: 주식옵션 | M1: 중도상환 | N1: ABS | O1: 보증유형 | P1: 상장여부 | Q1: 공사모 | R1: 순위 | S1: 민평3사 | T1: 시가 | U1: C.가격 | V1: 신용그룹 | W1: 신용그룹코드 | X1: PPC100 | Y1: 듀레이션 | Z1: 표준코드
A2: 국고01625-2206(19-3) | B2: 43626 | C2: 월 | D2: 44722 | E2: 금 | F2: 0002-09-15 | G2: 6540000 | H2: 6540000 | I2: 이표고정 | J2: 6 | K2: 1.625 | L2: - | M2: - | N2: X | O2: 무보증 | P2: 상장 | Q2: 공모직접 | R2: 선 | S2: 1.155 | T2: 10162.55 | U2: 10128.56 | V2: 국고채 | W2: 1010000 | X2: 2.7158 | Y2: 2.7297 | Z2: KR103501G968*058
A3: 국고02000-2112(18-9) | B3: 43444 | C3: 월 | D3: 44540 | E3: 금 | F3: 0002-03-14 | G3: 9943000 | H3: 9943000 | I3: 이표고정 | J3: 6 | K3: 2 | L3: - | M3: - | N3: X | O3: 무보증 | P3: 상장 | Q3: 공모직접 | R3: 선 | S3: 1.188 | T3: 10224.83 | U3: 10182.99 | V3: 국고채 | W3: 1010000 | X3: 2.2289 | Y3: 2.2419 | Z3: KR103501G8C1*058
A4: 국고02250-2106(18-3) | B4: 43261 | C4: 일 | D4: 44357 | E4: 목 | F4: 0001-09-15 | G4: 9469000 | H4: 9469000 | I4: 이표고정 | J4: 6 | K4: 2.25 | L4: - | M4: - | N4: X | O4: 무보증 | P4: 상장 | Q4: 공모직접 | R4: 선 | S4: 1.18 | T4: 10236.14 | U4: 10188.81 | V4: 국고채 | W4: 1010000 | X4: 1.7474 | Y4: 1.7563 | Z4: KR103501G869*058
A5: 국고01750-2012(17-6) | B5: 43079 | C5: 일 | D5: 44175 | E5: 목 | F5: 0001-03-14 | G5: 10705000 | H5: 10595000 | I5: 이표고정 | J5: 6 | K5: 1.75 | L5: - | M5: - | N5: X | O5: 무보증 | P5: 상장 | Q5: 공모직접 | R5: 선 | S5: 1.135 | T5: 10115.18 | U5: 10078.16 | V5: 국고채 | W5: 1010000 | X5: 1.2702 | Y5: 1.2774 | Z5: KR103501G7C3*058
A6: 국고01750-2006(17-2) | B6: 42896 | C6: 토 | D6: 43992 | E6: 수 | F6: 0000-09-15 | G6: 9423000 | H6: 7539000 | I6: 이표고정 | J6: 6 | K6: 1.75 | L6: - | M6: - | N6: X | O6: 무보증 | P6: 상장 | Q6: 공모직접 | R6: 선 | S6: 1.11 | T6: 10086.89 | U6: 10050.08 | V6: 국고채 | W6: 1010000 | X6: 0.7816 | Y6: 0.7852 | Z6: KR103501G760*058
A7: 국고01250-1912(16-7) | B7: 42714 | C7: 토 | D7: 43809 | E7: 화 | F7: 0000-03-14 | G7: 11710000 | H7: 6599000 | I7: 이표고정 | J7: 6 | K7: 1.25 | L7: - | M7: - | N7: X | O7: 무보증 | P7: 상장 | Q7: 공모직접 | R7: 선 | S7: 1.205 | T7: 10027.48 | U7: 10001.15 | V7: 국고채 | W7: 1010000 | X7: 0.2886 | Y7: 0.2896 | Z7: KR103501G6C5*058
A8: - | B8: - | D8: - | F8: - | G8: - | H8: - | I8: - | J8: - | K8: 1.5 | L8: - | M8: - | N8: X | O8: - | P8: 비상장 | Q8: - | R8: - | S8: - | T8: - | V8: - | W8: - | X8: - | Y8: - | Z8: -
A9: 국고01375-2409(19-5) | B9: 43718 | C9: 화 | D9: 45545 | E9: 화 | F9: 0005-00-15 | G9: 1234000 | H9: 1234000 | I9: 이표고정 | J9: 6 | K9: 1.375 | L9: - | M9: - | N9: X | O9: 무보증 | P9: 상장 | Q9: 공모직접 | R9: 선 | S9: 1.184 | T9: 10087.26 | U9: 10086.12 | V9: 국고채 | W9: 1010000 | X9: 4.8648 | Y9: 4.8909 | Z9: KR103501G992*058
A10: 국고01875-2403(19-1) | B10: 43534 | C10: 일 | D10: 45361 | E10: 일 | F10: 0004-06-13 | G10: 10675000 | H10: 10675000 | I10: 이표고정 | J10: 6 | K10: 1.875 | L10: - | M10: - | N10: X | O10: 무보증 | P10: 상장 | Q10: 공모직접 | R10: 선 | S10: 1.203 | T10: 10382.15 | U10: 10295.16 | V10: 국고채 | W10: 1010000 | X10: 4.3171 | Y10: 4.3384 | Z10: KR103501G935*058
A11: 국고02250-2309(18-6) | B11: 43353 | C11: 월 | D11: 45179 | E11: 일 | F11: 0004-00-15 | G11: 7342000 | H11: 7342000 | I11: 이표고정 | J11: 6 | K11: 2.25 | L11: - | M11: - | N11: X | O11: 무보증 | P11: 상장 | Q11: 공모직접 | R11: 선 | S11: 1.21 | T11: 10512.21 | U11: 10408.89 | V11: 국고채 | W11: 1010000 | X11: 3.8293 | Y11: 3.8509 | Z11: KR103501G893*058
A12: 국고02375-2303(18-1) | B12: 43169 | C12: 토 | D12: 44995 | E12: 금 | F12: 0003-06-12 | G12: 12566000 | H12: 12566000 | I12: 이표고정 | J12: 6 | K12: 2.375 | L12: - | M12: - | N12: X | O12: 무보증 | P12: 상장 | Q12: 공모직접 | R12: 선 | S12: 1.207 | T12: 10512.68 | U12: 10403.62 | V12: 국고채 | W12: 1010000 | X12: 3.3654 | Y12: 3.3809 | Z12: KR103501G836*058
A13: 국고02000-2209(17-4) | B13: 42988 | C13: 일 | D13: 44814 | E13: 토 | F13: 0003-00-15 | G13: 9626000 | H13: 9626000 | I13: 이표고정 | J13: 6 | K13: 2 | L13: - | M13: - | N13: X | O13: 무보증 | P13: 상장 | Q13: 공모직접 | R13: 선 | S13: 1.194 | T13: 10331.79 | U13: 10239.65 | V13: 국고채 | W13: 1010000 | X13: 2.9236 | Y13: 2.9404 | Z13: KR103501G794*058
A14: 국고01875-2203(16-10) | B14: 42804 | C14: 금 | D14: 44630 | E14: 목 | F14: 0002-06-12 | G14: 13790000 | H14: 13346000 | I14: 이표고정 | J14: 6 | K14: 1.875 | L14: - | M14: - | N14: X | O14: 무보증 | P14: 상장 | Q14: 공모직접 | R14: 선 | S14: 1.192 | T14: 10256.5 | U14: 10170.4 | V14: 국고채 | W14: 1010000 | X14: 2.4587 | Y14: 2.4691 | Z14: KR103501G737*058
A15: 국고01375-2109(16-4) | B15: 42623 | C15: 토 | D15: 44449 | E15: 금 | F15: 0002-00-15 | G15: 10077000 | H15: 9553000 | I15: 이표고정 | J15: 6 | K15: 1.375 | L15: - | M15: - | N15: X | O15: 무보증 | P15: 상장 | Q15: 공모직접 | R15: 선 | S15: 1.187 | T15: 10100.91 | U15: 10037.77 | V15: 국고채 | W15: 1010000 | X15: 1.9955 | Y15: 2.0072 | Z15: KR103501G695*058
A16: 국고02000-2103(15-9) | B16: 42439 | C16: 목 | D16: 44265 | E16: 수 | F16: 0001-06-12 | G16: 14366000 | H16: 12879000 | I16: 이표고정 | J16: 6 | K16: 2 | L16: - | M16: - | N16: X | O16: 무보증 | P16: 상장 | Q16: 공모직접 | R16: 선 | S16: 1.144 | T16: 10222.07 | U16: 10129.87 | V16: 국고채 | W16: 1010000 | X16: 1.5032 | Y16: 1.5078 | Z16: KR103501G638*058
A17: 국고02000-2009(15-4) | B17: 42257 | C17: 목 | D17: 44084 | E17: 목 | F17: 0001-00-15 | G17: 15238000 | H17: 12033000 | I17: 이표고정 | J17: 6 | K17: 2 | L17: - | M17: - | N17: X | O17: 무보증 | P17: 상장 | Q17: 공모직접 | R17: 선 | S17: 1.128 | T17: 10181.78 | U17: 10089.53 | V17: 국고채 | W17: 1010000 | X17: 1.0205 | Y17: 1.0263 | Z17: KR103501G596*058
A18: 국고02000-2003(15-1) | B18: 42073 | C18: 화 | D18: 43900 | E18: 화 | F18: 0000-06-13 | G18: 12584000 | H18: 7717000 | I18: 이표고정 | J18: 6 | K18: 2 | L18: - | M18: - | N18: X | O18: 무보증 | P18: 상장 | Q18: 공모직접 | R18: 선 | S18: 1.148 | T18: 10137.6 | U18: 10045.82 | V18: 국고채 | W18: 1010000 | X18: 0.533 | Y18: 0.5333 | Z18: KR103501G539*058
A19: 국고02750-1909(14-4) | B19: 41892 | C19: 수 | D19: 43718 | E19: 화 | F19: 0000-00-15 | G19: 11564000 | H19: 8734000 | I19: 이표고정 | J19: 6 | K19: 2.75 | L19: - | M19: - | N19: X | O19: 무보증 | P19: 상장 | Q19: 공모직접 | R19: 선 | S19: 1.254 | T19: 10132.31 | U19: 10006.02 | V19: 국고채 | W19: 1010000 | X19: 0.0407 | Y19: 0.0409 | Z19: KR103501G497*058
A20: - | B20: - | D20: - | F20: - | G20: - | H20: - | I20: - | J20: - | K20: 3.125 | L20: - | M20: - | N20: X | O20: - | P20: 비상장 | Q20: - | R20: - | S20: - | T20: - | V20: - | W20: - | X20: - | Y20: - | Z20: -
A21: 국고01875-2906(19-4) | B21: 43626 | C21: 월 | D21: 47279 | E21: 일 | F21: 0009-09-15 | G21: 8343000 | H21: 8343000 | I21: 이표고정 | J21: 6 | K21: 1.875 | L21: - | M21: - | N21: X | O21: 무보증 | P21: 상장 | Q21: 공모직접 | R21: 선 | S21: 1.252 | T21: 10611.64 | U21: 10572.2 | V21: 국고채 | W21: 1010000 | X21: 8.9442 | Y21: 8.9832 | Z21: KR103502G966*058
A22: 국고02375-2812(18-10) | B22: 43444 | C22: 월 | D22: 47097 | E22: 일 | F22: 0009-03-14 | G22: 11424000 | H22: 11424000 | I22: 이표고정 | J22: 6 | K22: 2.375 | L22: - | M22: - | N22: X | O22: 무보증 | P22: 상장 | Q22: 공모직접 | R22: 선 | S22: 1.262 | T22: 11022.56 | U22: 10972.6 | V22: 국고채 | W22: 1010000 | X22: 8.3648 | Y22: 8.4043 | Z22: KR103502G8C0*058
A23: 국고02625-2806(18-4) | B23: 43261 | C23: 일 | D23: 46914 | E23: 토 | F23: 0008-09-15 | G23: 11437000 | H23: 11437000 | I23: 이표고정 | J23: 6 | K23: 2.625 | L23: - | M23: - | N23: X | O23: 무보증 | P23: 상장 | Q23: 공모직접 | R23: 선 | S23: 1.262 | T23: 11185.67 | U23: 11130.45 | V23: 국고채 | W23: 1010000 | X23: 7.8867 | Y23: 7.9244 | Z23: KR103502G867*058
A24: 국고02375-2712(17-7) | B24: 43079 | C24: 일 | D24: 46731 | E24: 금 | F24: 0008-03-14 | G24: 11903000 | H24: 11903000 | I24: 이표고정 | J24: 6 | K24: 2.375 | L24: - | M24: - | N24: X | O24: 무보증 | P24: 상장 | Q24: 공모직접 | R24: 선 | S24: 1.259 | T24: 10925.68 | U24: 10874.9 | V24: 국고채 | W24: 1010000 | X24: 7.5387 | Y24: 7.5757 | Z24: KR103502G7C2*058
A25: 국고02125-2706(17-3) | B25: 42896 | C25: 토 | D25: 46548 | E25: 목 | F25: 0007-09-15 | G25: 12572000 | H25: 12572000 | I25: 이표고정 | J25: 6 | K25: 2.125 | L25: - | M25: - | N25: X | O25: 무보증 | P25: 상장 | Q25: 공모직접 | R25: 선 | S25: 1.251 | T25: 10690.82 | U25: 10647.4 | V25: 국고채 | W25: 1010000 | X25: 7.1765 | Y25: 7.2119 | Z25: KR103502G768*058
A26: 국고01500-2612(16-8) | B26: 42714 | C26: 토 | D26: 46366 | E26: 목 | F26: 0007-03-14 | G26: 13063000 | H26: 13063000 | I26: 이표고정 | J26: 6 | K26: 1.5 | L26: - | M26: - | N26: X | O26: 무보증 | P26: 상장 | Q26: 공모직접 | R26: 선 | S26: 1.245 | T26: 10208.15 | U26: 10175.67 | V26: 국고채 | W26: 1010000 | X26: 6.8804 | Y26: 6.9161 | Z26: KR103502G6C4*058
A27: 국고01875-2606(16-3) | B27: 42531 | C27: 금 | D27: 46183 | E27: 수 | F27: 0006-09-15 | G27: 12250000 | H27: 12212000 | I27: 이표고정 | J27: 6 | K27: 1.875 | L27: - | M27: - | N27: X | O27: 무보증 | P27: 상장 | Q27: 공모직접 | R27: 선 | S27: 1.243 | T27: 10449.15 | U27: 10407.5 | V27: 국고채 | W27: 1010000 | X27: 6.3597 | Y27: 6.3922 | Z27: KR103502G669*058
A28: 국고02250-2512(15-8) | B28: 42348 | C28: 목 | D28: 46001 | E28: 수 | F28: 0006-03-14 | G28: 13030012 | H28: 12790012 | I28: 이표고정 | J28: 6 | K28: 2.25 | L28: - | M28: - | N28: X | O28: 무보증 | P28: 상장 | Q28: 공모직접 | R28: 선 | S28: 1.234 | T28: 10659.81 | U28: 10611.03 | V28: 국고채 | W28: 1010000 | X28: 5.8578 | Y28: 5.8892 | Z28: KR103502G5C6*058
A29: 국고02250-2506(15-2) | B29: 42165 | C29: 수 | D29: 45818 | E29: 화 | F29: 0005-09-15 | G29: 15232000 | H29: 15028000 | I29: 이표고정 | J29: 6 | K29: 2.25 | L29: - | M29: - | N29: X | O29: 무보증 | P29: 상장 | Q29: 공모직접 | R29: 선 | S29: 1.228 | T29: 10616.66 | U29: 10568.19 | V29: 국고채 | W29: 1010000 | X29: 5.4193 | Y29: 5.4476 | Z29: KR103501G562*058
A30: 국고03000-2409(14-5) | B30: 41892 | C30: 수 | D30: 45545 | E30: 화 | F30: 0005-00-15 | G30: 16621030 | H30: 16366030 | I30: 이표고정 | J30: 6 | K30: 3 | L30: - | M30: - | N30: X | O30: 무보증 | P30: 상장 | Q30: 공모직접 | R30: 선 | S30: 1.223 | T30: 11003.67 | U30: 10867.61 | V30: 국고채 | W30: 1010000 | X30: 4.6471 | Y30: 4.6729 | Z30: KR103502G495*058
A31: 국고03500-2403(14-2) | B31: 41708 | C31: 월 | D31: 45361 | E31: 일 | F31: 0004-06-13 | G31: 13194001 | H31: 13194001 | I31: 이표고정 | J31: 6 | K31: 3.5 | L31: - | M31: - | N31: X | O31: 무보증 | P31: 상장 | Q31: 공모직접 | R31: 선 | S31: 1.219 | T31: 11164.99 | U31: 11004.11 | V31: 국고채 | W31: 1010000 | X31: 4.1705 | Y31: 4.1915 | Z31: KR103502G438*058
A32: 국고03375-2309(13-6) | B32: 41527 | C32: 화 | D32: 45179 | E32: 일 | F32: 0004-00-15 | G32: 12430026 | H32: 12430026 | I32: 이표고정 | J32: 6 | K32: 3.375 | L32: - | M32: - | N32: X | O32: 무보증 | P32: 상장 | Q32: 공모직접 | R32: 선 | S32: 1.21 | T32: 11005.93 | U32: 10851.22 | V32: 국고채 | W32: 1010000 | X32: 3.7476 | Y32: 3.7687 | Z32: KR103502G396*058
... A106: 통안DC019-0827-0910 | B106: 43613 | C106: 화 | D106: 43704 | E106: 화 | F106: 0000-00-01 | G106: 700000 | H106: 700000 | I106: 할인 | J106: 12 | K106: 1.664 | L106: - | M106: - | N106: X | O106: 무보증 | P106: 상장 | Q106: 공모직접 | R106: 선 | S106: 1.276 | T106: 9999.64 | U106: 9999.64 | V106: 통안채 | W106: 4000000 | X106: 0.0027 | Y106: 0.0027 | Z106: KR310106A950*058

Sheet Sheet2
A1: 스프레드 | B1: =TODAY() -> 43706 | C1: 43607 | D1: 43606 | E1: 43605 | F1: 43602 | G1: 43601 | H1: 43600 | I1: 43599 | J1: 43598 | K1: 43595 | L1: 43594 | M1: 43593 | N1: 43592 | O1: 43588 | P1: 43587 | Q1: 43585 | R1: 43584 | S1: 43581 | T1: 43580 | U1: 43579 | V1: 43578
A2: 국고30년-국고 10년 | B2: =#REF!+#REF! -> #REF! | C2: 0.025 | D2: 0.023 | E2: 0.02 | F2: 0.031 | G2: 0.022 | H2: 0.025 | I2: 0.025 | J2: 0.022 | K2: 0.03 | L2: 0.025 | M2: 0.03 | N2: 0.023 | O2: 0.025 | P2: 0.03 | Q2: 0.019 | R2: 0.02 | S2: 0.027 | T2: 0.01 | U2: 0.005 | V2: 0.002
A3: 국고20년 - 국고10년 | B3: =#REF! -> #REF! | C3: 0.032 | D3: 0.03 | E3: 0.03 | F3: 0.036 | G3: 0.03 | H3: 0.038 | I3: 0.037 | J3: 0.035 | K3: 0.04 | L3: 0.035 | M3: 0.04 | N3: 0.03 | O3: 0.027 | P3: 0.032 | Q3: 0.024 | R3: 0.025 | S3: 0.035 | T3: 0.02 | U3: 0.016 | V3: 0.012
A4: 국고10년 - 국고5년 | B4: =#REF! -> #REF! | C4: 0.125 | D4: 0.122 | E4: 0.12 | F4: 0.111 | G4: 0.11 | H4: 0.11 | I4: 0.11 | J4: 0.11 | K4: 0.115 | L4: 0.12 | M4: 0.123 | N4: 0.125 | O4: 0.123 | P4: 0.118 | Q4: 0.121 | R4: 0.123 | S4: 0.117 | T4: 0.117 | U4: 0.115 | V4: 0.118
A5: 국고5년 - 국고3년 | B5: =#REF! -> #REF! | C5: 0.047 | D5: 0.048 | E5: 0.037 | F5: 0.04 | G5: 0.045 | H5: 0.05 | I5: 0.047 | J5: 0.045 | K5: 0.037 | L5: 0.043 | M5: 0.042 | N5: 0.042 | O5: 0.035 | P5: 0.032 | Q5: 0.03 | R5: 0.032 | S5: 0.035 | T5: 0.048 | U5: 0.042 | V5: 0.045
A6: 국고10년 - 국고3년 | B6: =#REF! -> #REF! | C6: 0.172 | D6: 0.17 | E6: 0.157 | F6: 0.151 | G6: 0.155 | H6: 0.16 | I6: 0.157 | J6: 0.155 | K6: 0.152 | L6: 0.163 | M6: 0.165 | N6: 0.167 | O6: 0.158 | P6: 0.15 | Q6: 0.151 | R6: 0.155 | S6: 0.152 | T6: 0.165 | U6: 0.157 | V6: 0.163
A7: 국고10년 - 통안2년 | B7: =#REF! -> #REF! | C7: 0.135 | D7: 0.14 | E7: 0.125 | F7: 0.124 | G7: 0.135 | H7: 0.14 | I7: 0.14 | J7: 0.135 | K7: 0.13 | L7: 0.138 | M7: 0.14 | N7: 0.144 | O7: 0.13 | P7: 0.12 | Q7: 0.13 | R7: 0.135 | S7: 0.132 | T7: 0.15 | U7: 0.147 | V7: 0.154
A8: 국고3년 - 통안2년 | B8: =#REF! -> #REF! | C8: -0.037 | D8: -0.03 | E8: -0.032 | F8: -0.027 | G8: -0.02 | H8: -0.02 | I8: -0.017 | J8: -0.02 | K8: -0.022 | L8: -0.025 | M8: -0.025 | N8: -0.023 | O8: -0.028 | P8: -0.03 | Q8: -0.021 | R8: -0.02 | S8: -0.02 | T8: -0.015 | U8: -0.01 | V8: -0.009
A9: 통안2년 - 통안1년 | B9: =#REF! -> #REF! | C9: 0.02 | D9: 0.025 | E9: 0.018 | F9: 0.012 | G9: 0.024 | H9: 0.024 | I9: 0.024 | J9: 0.027 | K9: 0.007 | L9: 0.013 | M9: 0.016 | N9: 0.023 | O9: 0.021 | P9: -0.006 | Q9: -0.011 | R9: -0.015 | S9: -0.013 | T9: -0.007 | U9: 0.003 | V9: 0.007
A10: 국주5년 - 국고5년 | B10: =#REF! -> #REF! | C10: 0.075 | D10: 0.075 | E10: 0.075 | F10: 0.075 | G10: 0.075 | H10: 0.073 | I10: 0.075 | J10: 0.075 | K10: 0.078 | L10: 0.076 | M10: 0.078 | N10: 0.078 | O10: 0.079 | P10: 0.078 | Q10: 0.076 | R10: 0.075 | S10: 0.072 | T10: 0.072 | U10: 0.073 | V10: 0.073
A11: 은행1년 - 통안1년 | B11: =시평!#REF!-시평!#REF! -> #REF! | C11: 0.109 | D11: 0.108 | E11: 0.107 | F11: 0.105 | G11: 0.102 | H11: 0.1 | I11: 0.096 | J11: 0.097 | K11: 0.094 | L11: 0.091 | M11: 0.093 | N11: 0.094 | O11: 0.091 | P11: 0.091 | Q11: 0.086 | R11: 0.083 | S11: 0.081 | T11: 0.081 | U11: 0.081 | V11: 0.079
A12: 은행3년 - 국고3년 | B12: =시평!#REF!-시평!#REF! -> #REF! | C12: 0.148 | D12: 0.148 | E12: 0.148 | F12: 0.147 | G12: 0.146 | H12: 0.147 | I12: 0.147 | J12: 0.148 | K12: 0.148 | L12: 0.148 | M12: 0.148 | N12: 0.148 | O12: 0.148 | P12: 0.151 | Q12: 0.149 | R12: 0.149 | S12: 0.149 | T12: 0.149 | U12: 0.149 | V12: 0.152
A13: 은행5년 - 국고5년 | B13: =시평!#REF!-시평!#REF! -> #REF! | C13: 0.169 | D13: 0.169 | E13: 0.169 | F13: 0.168 | G13: 0.168 | H13: 0.167 | I13: 0.167 | J13: 0.167 | K13: 0.168 | L13: 0.169 | M13: 0.168 | N13: 0.168 | O13: 0.168 | P13: 0.171 | Q13: 0.171 | R13: 0.171 | S13: 0.171 | T13: 0.171 | U13: 0.171 | V13: 0.171
A14: 공사3년 - 국고3년 | B14: =시평!#REF!-시평!#REF! -> #REF! | C14: 0.134 | D14: 0.135 | E14: 0.135 | F14: 0.135 | G14: 0.135 | H14: 0.136 | I14: 0.137 | J14: 0.137 | K14: 0.137 | L14: 0.137 | M14: 0.137 | N14: 0.137 | O14: 0.137 | P14: 0.139 | Q14: 0.139 | R14: 0.139 | S14: 0.139 | T14: 0.138 | U14: 0.139 | V14: 0.14
A15: 공사5년 - 국고5년 | B15: =시평!#REF!-시평!#REF! -> #REF! | C15: 0.116 | D15: 0.117 | E15: 0.117 | F15: 0.117 | G15: 0.117 | H15: 0.116 | I15: 0.116 | J15: 0.116 | K15: 0.117 | L15: 0.118 | M15: 0.117 | N15: 0.117 | O15: 0.117 | P15: 0.119 | Q15: 0.119 | R15: 0.119 | S15: 0.119 | T15: 0.119 | U15: 0.119 | V15: 0.119
A16: 공사10년 - 국고10년 | B16: =시평!#REF!-시평!#REF! -> #REF! | C16: 0.094 | D16: 0.096 | E16: 0.096 | F16: 0.096 | G16: 0.096 | H16: 0.096 | I16: 0.096 | J16: 0.096 | K16: 0.096 | L16: 0.096 | M16: 0.096 | N16: 0.096 | O16: 0.096 | P16: 0.097 | Q16: 0.097 | R16: 0.098 | S16: 0.099 | T16: 0.099 | U16: 0.099 | V16: 0.099
A17: 회사AA-3년 - 국고3년 | B17: =시평!#REF!-시평!#REF! -> #REF! | C17: 0.297 | D17: 0.297 | E17: 0.297 | F17: 0.296 | G17: 0.296 | H17: 0.298 | I17: 0.297 | J17: 0.302 | K17: 0.302 | L17: 0.302 | M17: 0.302 | N17: 0.303 | O17: 0.305 | P17: 0.304 | Q17: 0.307 | R17: 0.31 | S17: 0.307 | T17: 0.307 | U17: 0.309 | V17: 0.309
A18: 회사AA-5년 - 국고5년 | B18: =시평!#REF!-시평!#REF! -> #REF! | C18: 0.439 | D18: 0.443 | E18: 0.444 | F18: 0.443 | G18: 0.444 | H18: 0.448 | I18: 0.449 | J18: 0.449 | K18: 0.45 | L18: 0.454 | M18: 0.458 | N18: 0.459 | O18: 0.459 | P18: 0.459 | Q18: 0.461 | R18: 0.465 | S18: 0.464 | T18: 0.463 | U18: 0.464 | V18: 0.465
A19: 카드채2년 - 국고3년 | B19: =시평!#REF!-시평!#REF! -> #REF! | C19: 0.239 | D19: 0.231 | E19: 0.232 | F19: 0.227 | G19: 0.215 | H19: 0.213 | I19: 0.208 | J19: 0.208 | K19: 0.213 | L19: 0.21 | M19: 0.209 | N19: 0.206 | O19: 0.21 | P19: 0.214 | Q19: 0.205 | R19: 0.202 | S19: 0.203 | T19: 0.197 | U19: 0.192 | V19: 0.19
A20: 카드채3년 - 국고3년 | B20: =시평!#REF!-시평!#REF! -> #REF! | C20: 0.25 | D20: 0.247 | E20: 0.246 | F20: 0.243 | G20: 0.235 | H20: 0.236 | I20: 0.233 | J20: 0.233 | K20: 0.23 | L20: 0.226 | M20: 0.226 | N20: 0.226 | O20: 0.226 | P20: 0.226 | Q20: 0.223 | R20: 0.222 | S20: 0.222 | T20: 0.22 | U20: 0.22 | V20: 0.222
A21: CD3M - 은행3M | B21: =시가평가표!#REF!-시가평가표!#REF! -> #REF! | C21: 0.066 | D21: 0.066 | E21: 0.066 | F21: 0.066 | G21: 0.056 | H21: 0.056 | I21: 0.05 | J21: 0.048 | K21: 0.043 | L21: 0.041 | M21: 0.041 | N21: 0.037 | O21: 0.035 | P21: 0.036 | Q21: 0.025 | R21: 0.022 | S21: 0.032 | T21: 0.03 | U21: 0.029 | V21: 0.028
